name,id,nametype,recclass,mass,year,reclat,reclong,coordinates
Aachen,1,Valid,L5,0.0,1880-01-01,50.775,6.08333,"[0, 0]"
Aarhus,2,Valid,H6,0.0,1951-01-01,56.18333,10.23333,"[0, 0]"
Abee,6,Valid,EH4,0.0,1952-01-01,54.21667,-113.0,"[0, 0]"
Acapulco,10,Valid,Acapulcoite,0.0,1976-01-01,16.88333,-99.9,"[0, 0]"
Achiras,370,Valid,L6,0.0,1902-01-01,-33.16667,-64.95,"[0, 0]"
Adhi Kot,379,Valid,EH4,0.0,1919-01-01,32.1,71.8,"[0, 0]"
Adzhi-Bogdo (stone),390,Valid,LL3-6,0.0,1949-01-01,44.83333,95.16667,"[0, 0]"
Agen,392,Valid,H5,0.0,1814-01-01,44.21667,0.61667,"[0, 0]"
Aguada,398,Valid,L6,0.0,1930-01-01,-31.6,-65.23333,"[0, 0]"
Aguila Blanca,417,Valid,L,0.0,1920-01-01,-30.86667,-64.55,"[0, 0]"
Aioun el Atrouss,423,Valid,Diogenite-pm,0.0,1974-01-01,16.39806,-9.57028,"[0, 0]"
Aïr,424,Valid,L6,0.0,1925-01-01,19.08333,8.38333,"[0, 0]"
Aire-sur-la-Lys,425,Valid,Unknown,0.0,1769-01-01,50.66667,2.33333,"[0, 0]"
Akaba,426,Valid,L6,0.0,1949-01-01,29.51667,35.05,"[0, 0]"
Akbarpur,427,Valid,H4,0.0,1838-01-01,29.71667,77.95,"[0, 0]"
Akwanga,432,Valid,H,0.0,1959-01-01,8.91667,8.43333,"[0, 0]"
Akyumak,433,Valid,"Iron, IVA",0.0,1981-01-01,39.91667,42.81667,"[0, 0]"
Al Rais,446,Valid,CR2-an,0.0,1957-01-01,24.41667,39.51667,"[0, 0]"
Al Zarnkh,447,Valid,LL5,0.0,2001-01-01,13.66033,28.96,"[0, 0]"
Alais,448,Valid,CI1,0.0,1806-01-01,44.11667,4.08333,"[0, 0]"
Albareto,453,Valid,L/LL4,0.0,1766-01-01,44.65,11.01667,"[0, 0]"
Alberta,454,Valid,L,0.0,1949-01-01,2.0,22.66667,"[0, 0]"
Alby sur Chéran,458,Valid,Eucrite-mmict,0.0,2002-01-01,45.82133,6.01533,"[0, 0]"
Aldsworth,461,Valid,LL5,0.0,1835-01-01,51.78333,-1.78333,"[0, 0]"
Aleppo,462,Valid,L6,0.0,1873-01-01,36.23333,37.13333,"[0, 0]"
Alessandria,463,Valid,H5,0.0,1860-01-01,44.88333,8.75,"[0, 0]"
Alexandrovsky,465,Valid,H4,0.0,1900-01-01,50.95,31.81667,"[0, 0]"
Alfianello,466,Valid,L6,0.0,1883-01-01,45.26667,10.15,"[0, 0]"
Allegan,2276,Valid,H5,0.0,1899-01-01,42.53333,-85.88333,"[0, 0]"
Allende,2278,Valid,CV3,0.0,1969-01-01,26.96667,-105.31667,"[0, 0]"
Almahata Sitta,48915,Valid,Ureilite-an,0.0,2008-01-01,20.74575,32.41275,"[0, 0]"
Alta'ameem,2284,Valid,LL5,0.0,1977-01-01,35.27333,44.21556,"[0, 0]"
Ambapur Nagla,2290,Valid,H5,0.0,1895-01-01,27.66667,78.25,"[0, 0]"
Andhara,2294,Valid,Stone-uncl,0.0,1880-01-01,26.58333,85.56667,"[0, 0]"
Andover,2295,Valid,L6,0.0,1898-01-01,44.61667,-70.75,"[0, 0]"
Andreevka,2296,Valid,L3,0.0,1969-01-01,48.7,37.5,"[0, 0]"
Andura,2298,Valid,H6,0.0,1939-01-01,20.88333,76.86667,"[0, 0]"
Northwest Africa 5815,50693,Valid,L5,0.0,1900-01-01,0.0,0.0,"[0, 0]"
Angers,2301,Valid,L6,0.0,1822-01-01,47.46667,-0.55,"[0, 0]"
Angra dos Reis (stone),2302,Valid,Angrite,0.0,1869-01-01,-22.96667,-44.31667,"[0, 0]"
Ankober,2304,Valid,H4,0.0,1942-01-01,9.53333,39.71667,"[0, 0]"
Anlong,2305,Valid,H5,0.0,1971-01-01,25.15,105.18333,"[0, 0]"
Aomori,2313,Valid,L6,0.0,1984-01-01,40.81056,140.78556,"[0, 0]"
Appley Bridge,2318,Valid,LL6,0.0,1914-01-01,53.58333,-2.71667,"[0, 0]"
Apt,2320,Valid,L6,0.0,1803-01-01,43.86667,5.38333,"[0, 0]"
Arbol Solo,2325,Valid,H5,0.0,1954-01-01,-33.0,-66.0,"[0, 0]"
Archie,2329,Valid,H6,0.0,1932-01-01,38.5,-94.3,"[0, 0]"
Arroyo Aguiar,2340,Valid,H5,0.0,1950-01-01,-31.41667,-60.66667,"[0, 0]"
Asco,2345,Valid,H6,0.0,1805-01-01,42.45,9.03333,"[0, 0]"
Ash Creek,48954,Valid,L6,0.0,2009-01-01,31.805,-97.01,"[0, 0]"
Ashdon,2346,Valid,L6,0.0,1923-01-01,52.05,0.3,"[0, 0]"
Assisi,2353,Valid,H5,0.0,1886-01-01,43.03333,12.55,"[0, 0]"
Atarra,4883,Valid,L4,0.0,1920-01-01,25.25417,80.625,"[0, 0]"
Atemajac,4884,Valid,L6,0.0,1896-01-01,20.06667,-103.66667,"[0, 0]"
Athens,4885,Valid,LL6,0.0,1933-01-01,34.75,-87.0,"[0, 0]"
Atoka,4888,Valid,L6,0.0,1945-01-01,34.31667,-96.15,"[0, 0]"
Aubres,4893,Valid,Aubrite,0.0,1836-01-01,44.38333,5.16667,"[0, 0]"
Aumale,4899,Valid,L6,0.0,1865-01-01,36.16667,3.66667,"[0, 0]"
Aumieres,4900,Valid,L6,0.0,1842-01-01,44.33333,3.23333,"[0, 0]"
Ausson,4903,Valid,L5,0.0,1858-01-01,43.08333,0.58333,"[0, 0]"
Avanhandava,4905,Valid,H4,0.0,1952-01-01,-21.46028,-49.95083,"[0, 0]"
Avce,4906,Valid,"Iron, IIAB",0.0,1908-01-01,46.0,13.5,"[0, 0]"
Avilez,4907,Valid,H,0.0,1855-01-01,25.0,-103.5,"[0, 0]"
Awere,4910,Valid,L4,0.0,1968-01-01,2.71667,32.83333,"[0, 0]"
Aztec,4913,Valid,L6,0.0,1938-01-01,36.8,-108.0,"[0, 0]"
Bachmut,4917,Valid,L6,0.0,1814-01-01,48.6,38.0,"[0, 0]"
Bahjoi,4922,Valid,"Iron, IAB-sLL",0.0,1934-01-01,28.48333,78.5,"[0, 0]"
Bald Mountain,4925,Valid,L4,0.0,1929-01-01,35.96667,-82.48333,"[0, 0]"
Baldwyn,4926,Valid,L6,0.0,1922-01-01,34.5,-88.66667,"[0, 0]"
Bali,4928,Valid,CV3,0.0,1907-01-01,5.38333,16.38333,"[0, 0]"
Ban Rong Du,4934,Valid,"Iron, ungrouped",0.0,1993-01-01,16.66667,101.18333,"[0, 0]"
Bandong,4935,Valid,LL6,0.0,1871-01-01,-6.91667,107.6,"[0, 0]"
Bansur,4936,Valid,L6,0.0,1892-01-01,27.7,76.33333,"[0, 0]"
Banswal,4937,Valid,L5,0.0,1913-01-01,30.4,78.2,"[0, 0]"
Banten,4938,Valid,CM2,0.0,1933-01-01,-6.33333,106.0,"[0, 0]"
Barbotan,4942,Valid,H5,0.0,1790-01-01,43.95,-0.05,"[0, 0]"
Barcelona (stone),4944,Valid,OC,0.0,1704-01-01,41.36667,2.16667,"[0, 0]"
Barea,4946,Valid,Mesosiderite-A1,0.0,1842-01-01,42.38333,-2.5,"[0, 0]"
Barnaul,4947,Valid,H5,0.0,1904-01-01,52.73333,84.08333,"[0, 0]"
Barntrup,4948,Valid,LL4,0.0,1886-01-01,52.0,9.1,"[0, 0]"
Baroti,4949,Valid,L6,0.0,1910-01-01,31.61667,76.8,"[0, 0]"
Barwell,4954,Valid,L5,0.0,1965-01-01,52.56528,-1.33972,"[0, 0]"
Bassikounou,44876,Valid,H5,0.0,2006-01-01,15.78333,-5.9,"[0, 0]"
Baszkówka,4957,Valid,L5,0.0,1994-01-01,52.03333,20.93583,"[0, 0]"
Bath,4974,Valid,H4,0.0,1892-01-01,45.41667,-98.31667,"[0, 0]"
Bath Furnace,4975,Valid,L6,0.0,1902-01-01,38.25,-83.75,"[0, 0]"
Battle Mountain,56133,Valid,L6,0.0,2012-01-01,40.66813,-117.18913,"[0, 0]"
Bawku,4976,Valid,LL5,0.0,1989-01-01,11.08333,-0.18333,"[0, 0]"
Baxter,4977,Valid,L6,0.0,1916-01-01,36.75,-93.5,"[0, 0]"
Beardsley,4984,Valid,H5,0.0,1929-01-01,39.8,-101.2,"[0, 0]"
Beaver Creek,4986,Valid,H5,0.0,1893-01-01,51.16667,-117.33333,"[0, 0]"
Beddgelert,4993,Valid,H5,0.0,1949-01-01,53.01667,-4.1,"[0, 0]"
Bells,5005,Valid,C2-ung,0.0,1961-01-01,33.6,-96.46667,"[0, 0]"
Belville,5009,Valid,OC,0.0,1937-01-01,-32.33333,-64.86667,"[0, 0]"
Benares (a),5011,Valid,LL4,0.0,1798-01-01,25.36667,82.91667,"[0, 0]"
Benguerir,30443,Valid,LL6,0.0,2004-01-01,32.25,-8.15,"[0, 0]"
Beni M'hira,5018,Valid,L6,0.0,2001-01-01,32.86667,10.8,"[0, 0]"
Benld,5021,Valid,H6,0.0,1938-01-01,39.08333,-89.15,"[0, 0]"
Benoni,5023,Valid,H6,0.0,1943-01-01,-26.16667,28.41667,"[0, 0]"
Bensour,5024,Valid,LL6,0.0,2002-01-01,30.0,-7.0,"[0, 0]"
Benton,5026,Valid,LL6,0.0,1949-01-01,45.95,-67.55,"[0, 0]"
Berduc,48975,Valid,L6,0.0,2008-01-01,-31.91,-58.32833,"[0, 0]"
Béréba,5028,Valid,Eucrite-mmict,0.0,1924-01-01,11.65,-3.65,"[0, 0]"
Berlanguillas,5029,Valid,L6,0.0,1811-01-01,41.68333,-3.8,"[0, 0]"
Berthoud,47355,Valid,Eucrite-mmict,0.0,2004-01-01,40.30583,-105.02325,"[0, 0]"
Bethlehem,5032,Valid,H,0.0,1859-01-01,42.53333,-73.83333,"[0, 0]"
Beuste,5034,Valid,L5,0.0,1859-01-01,43.21667,-0.23333,"[0, 0]"
Beyrout,5035,Valid,LL3.8,0.0,1921-01-01,33.88333,35.5,"[0, 0]"
Bhagur,5037,Valid,L6,0.0,1877-01-01,20.88333,74.83333,"[0, 0]"
Bhawad,36591,Valid,LL6,0.0,2002-01-01,26.50833,73.11528,"[0, 0]"
Bherai,5039,Valid,L6,0.0,1893-01-01,20.83333,71.46667,"[0, 0]"
Bhola,5040,Valid,LL3-6,0.0,1940-01-01,22.68333,90.65,"[0, 0]"
Bholghati,5041,Valid,Howardite,0.0,1905-01-01,22.08333,86.9,"[0, 0]"
Bialystok,5042,Valid,Eucrite-pmict,0.0,1827-01-01,53.1,23.2,"[0, 0]"
Bielokrynitschie,5043,Valid,H4,0.0,1887-01-01,50.13333,27.16667,"[0, 0]"
Bilanga,5045,Valid,Diogenite,0.0,1999-01-01,12.45,-0.08333,"[0, 0]"
Binningup,5051,Valid,H5,0.0,1984-01-01,-33.15639,115.67639,"[0, 0]"
Birni N'konni,5056,Valid,H4,0.0,1923-01-01,13.76667,5.3,"[0, 0]"
Bishopville,5059,Valid,Aubrite,0.0,1843-01-01,34.16667,-80.28333,"[0, 0]"
Bishunpur,5060,Valid,LL3.15,0.0,1895-01-01,25.38333,82.6,"[0, 0]"
Bjelaja Zerkov,5063,Valid,H6,0.0,1796-01-01,49.78333,30.16667,"[0, 0]"
Bjurböle,5064,Valid,L/LL4,0.0,1899-01-01,60.4,25.8,"[0, 0]"
Black Moshannan Park,5065,Valid,L5,0.0,1941-01-01,40.91667,-78.08333,"[0, 0]"
Blackwell,5068,Valid,L5,0.0,1906-01-01,36.83333,-97.33333,"[0, 0]"
Blanket,5071,Valid,L6,0.0,1909-01-01,31.83333,-98.83333,"[0, 0]"
Blansko,5072,Valid,H6,0.0,1833-01-01,49.36667,16.63333,"[0, 0]"
Bloomington,5076,Valid,LL6,0.0,1938-01-01,40.48,-89.00417,"[0, 0]"
Bo Xian,5090,Valid,LL3.9,0.0,1977-01-01,33.83333,115.83333,"[0, 0]"
Bocas,5093,Valid,L6,0.0,1804-01-01,23.0,-102.0,"[0, 0]"
Bogou,5097,Valid,"Iron, IAB-MG",0.0,1962-01-01,12.5,0.7,"[0, 0]"
Boguslavka,5098,Valid,"Iron, IIAB",0.0,1916-01-01,44.55,131.63333,"[0, 0]"
Borgo San Donino,5110,Valid,LL6,0.0,1808-01-01,44.86667,10.05,"[0, 0]"
Bori,5111,Valid,L6,0.0,1894-01-01,21.95,78.03333,"[0, 0]"
Boriskino,5112,Valid,CM2,0.0,1930-01-01,54.23333,52.48333,"[0, 0]"
Borkut,5113,Valid,L5,0.0,1852-01-01,48.15,24.28333,"[0, 0]"
Borodino,5114,Valid,H5,0.0,1812-01-01,55.46667,35.86667,"[0, 0]"
Botschetschki,5117,Valid,L4,0.0,1823-01-01,51.33333,33.88333,"[0, 0]"
Boumdeid (2003),57168,Valid,L6,0.0,2003-01-01,17.71067,-11.3715,"[0, 0]"
Boumdeid (2011),57167,Valid,L6,0.0,2011-01-01,17.17493,-11.34133,"[0, 0]"
Bovedy,5121,Valid,L3,0.0,1969-01-01,54.56667,-6.33333,"[0, 0]"
Bradford Woods,5128,Valid,L,0.0,1886-01-01,40.5,-80.08333,"[0, 0]"
Braunau,5133,Valid,"Iron, IIAB",0.0,1847-01-01,50.6,16.3,"[0, 0]"
Breitscheid,5134,Valid,H5,0.0,1956-01-01,50.66694,8.18361,"[0, 0]"
Bremervörde,5135,Valid,H/L3.9,0.0,1855-01-01,53.4,9.1,"[0, 0]"
Brient,5140,Valid,Eucrite-pmict,0.0,1933-01-01,52.13333,59.31667,"[0, 0]"
Bruderheim,5156,Valid,L6,0.0,1960-01-01,53.9,-112.88333,"[0, 0]"
Bukhara,30448,Valid,CV3,0.0,2001-01-01,39.77978,64.60035,"[0, 0]"
Bulls Run,5163,Valid,Iron?,0.0,1964-01-01,0.0,0.0,"[0, 0]"
Bunburra Rockhole,48653,Valid,Eucrite,0.0,2007-01-01,-31.35,129.19,"[0, 0]"
Bununu,5165,Valid,Howardite,0.0,1942-01-01,10.01667,9.58333,"[0, 0]"
Bur-Gheluai,5169,Valid,H5,0.0,1919-01-01,5.0,48.0,"[0, 0]"
Burnwell,5175,Valid,H4-an,0.0,1990-01-01,37.62194,-82.23722,"[0, 0]"
Bursa,5177,Valid,L6,0.0,1946-01-01,40.2,29.23333,"[0, 0]"
Buschhof,5178,Valid,L6,0.0,1863-01-01,46.45,25.78333,"[0, 0]"
Bustee,5181,Valid,Aubrite,0.0,1852-01-01,26.78333,82.83333,"[0, 0]"
Butsura,5183,Valid,H6,0.0,1861-01-01,27.08333,84.08333,"[0, 0]"
Buzzard Coulee,48654,Valid,H4,0.0,2008-01-01,52.996,-109.84817,"[0, 0]"
Cabezo de Mayo,5185,Valid,L/LL6,0.0,1870-01-01,37.98333,-1.16667,"[0, 0]"
Cabin Creek,5186,Valid,"Iron, IIIAB",0.0,1886-01-01,35.5,-93.5,"[0, 0]"
Cacak,5187,Valid,OC,0.0,1919-01-01,43.83889,20.33333,"[0, 0]"
Cali,45976,Valid,H/L4,0.0,2007-01-01,3.405,-76.51,"[0, 0]"
Calivo,5200,Valid,Stone-uncl,0.0,1916-01-01,11.75,122.33333,"[0, 0]"
Campos Sales,5249,Valid,L5,0.0,1991-01-01,-7.03333,-40.16667,"[0, 0]"
Çanakkale,5250,Valid,L6,0.0,1964-01-01,39.8,26.6,"[0, 0]"
Cañellas,5251,Valid,H4,0.0,1861-01-01,41.25,1.66667,"[0, 0]"
Cangas de Onis,5252,Valid,H5,0.0,1866-01-01,43.38333,-5.15,"[0, 0]"
Canon City,5253,Valid,H6,0.0,1973-01-01,38.47028,-105.24139,"[0, 0]"
Cape Girardeau,5260,Valid,H6,0.0,1846-01-01,37.26667,-89.58333,"[0, 0]"
Capilla del Monte,5264,Valid,H6,0.0,1934-01-01,-30.88333,-64.55,"[0, 0]"
Carancas,45817,Valid,H4-5,0.0,2007-01-01,-16.66444,-69.04389,"[0, 0]"
Caratash,5265,Valid,LL6,0.0,1902-01-01,38.5,27.0,"[0, 0]"
Castalia,5291,Valid,H5,0.0,1874-01-01,36.08333,-78.06667,"[0, 0]"
Castel Berardenga,5292,Valid,Stone-uncl,0.0,1791-01-01,43.35,11.5,"[0, 0]"
Castine,5293,Valid,L6,0.0,1848-01-01,44.38333,-68.75,"[0, 0]"
Castrovillari,5295,Valid,Stone-uncl,0.0,,39.8,16.2,"[0, 0]"
Caswell County,5296,Valid,OC,0.0,1810-01-01,36.5,-79.25,"[0, 0]"
Ceniceros,5306,Valid,L3.7,0.0,1988-01-01,26.46667,-105.23333,"[0, 0]"
Centerville,5307,Valid,H5,0.0,1956-01-01,43.2,-96.91667,"[0, 0]"
Cereseto,5308,Valid,H5,0.0,1840-01-01,45.08333,8.3,"[0, 0]"
Chadong,5313,Valid,L6,0.0,1998-01-01,28.53333,109.31667,"[0, 0]"
Chail,5314,Valid,H6,0.0,1814-01-01,25.36667,81.66667,"[0, 0]"
Chainpur,5315,Valid,LL3.4,0.0,1907-01-01,25.85,83.48333,"[0, 0]"
Chajari,5316,Valid,L5,0.0,1933-01-01,-30.78333,-58.05,"[0, 0]"
Chandakapur,5320,Valid,L5,0.0,1838-01-01,20.26667,76.01667,"[0, 0]"
Chandpur,5321,Valid,L6,0.0,1885-01-01,27.28333,79.05,"[0, 0]"
Changde,5322,Valid,H5,0.0,1977-01-01,29.08333,111.75,"[0, 0]"
Chantonnay,5325,Valid,L6,0.0,1812-01-01,46.68333,1.05,"[0, 0]"
Charlotte,5328,Valid,"Iron, IVA",0.0,1835-01-01,36.16667,-87.33333,"[0, 0]"
Charsonville,5329,Valid,H6,0.0,1810-01-01,47.93333,1.56667,"[0, 0]"
Charwallas,5330,Valid,H6,0.0,1834-01-01,29.48333,75.5,"[0, 0]"
Chassigny,5331,Valid,Martian (chassignite),0.0,1815-01-01,47.71667,5.36667,"[0, 0]"
Château-Renard,5332,Valid,L6,0.0,1841-01-01,47.93333,2.91667,"[0, 0]"
Chaves,5334,Valid,Howardite,0.0,1925-01-01,41.93333,-7.46667,"[0, 0]"
Chela,5338,Valid,H4,0.0,1988-01-01,-3.66667,32.5,"[0, 0]"
Chelyabinsk,57165,Valid,LL5,0.0,2013-01-01,54.81667,61.11667,"[0, 0]"
Chergach ,47347,Valid,H5,0.0,2007-01-01,23.69639,-5.01472,"[0, 0]"
Chernyi Bor,5339,Valid,H4,0.0,1964-01-01,53.7,30.1,"[0, 0]"
Cherokee Springs,5340,Valid,LL6,0.0,1933-01-01,35.03333,-81.88333,"[0, 0]"
Chervettaz,5341,Valid,L5,0.0,1901-01-01,46.55,6.81667,"[0, 0]"
Chervony Kut,5342,Valid,Eucrite-mmict,0.0,1939-01-01,50.83333,34.0,"[0, 0]"
Chetrinahatti,5344,Valid,Stone-uncl,0.0,1880-01-01,14.5,76.5,"[0, 0]"
Chiang Khan,5345,Valid,H6,0.0,1981-01-01,17.9,101.63333,"[0, 0]"
Chicora,5349,Valid,LL6,0.0,1938-01-01,40.93333,-79.73333,"[0, 0]"
Chisenga,5355,Valid,"Iron, IIIAB",0.0,1988-01-01,-10.05944,33.395,"[0, 0]"
Chitado,5356,Valid,L6,0.0,1966-01-01,-17.35,13.96667,"[0, 0]"
Chitenay,5357,Valid,L6,0.0,1978-01-01,47.47083,0.97667,"[0, 0]"
Cilimus,5364,Valid,L5,0.0,1979-01-01,-6.95,108.1,"[0, 0]"
Claxton,5374,Valid,L6,0.0,1984-01-01,32.1025,-81.87278,"[0, 0]"
Clohars,5383,Valid,L4,0.0,1822-01-01,0.0,0.0,"[0, 0]"
Colby (Wisconsin),5395,Valid,L6,0.0,1917-01-01,44.9,-90.28333,"[0, 0]"
Cold Bokkeveld,5397,Valid,CM2,0.0,1838-01-01,-33.13333,19.38333,"[0, 0]"
Coleman,5401,Valid,L6,0.0,1994-01-01,43.76111,-84.50778,"[0, 0]"
Collescipoli,5403,Valid,H5,0.0,1890-01-01,42.53333,12.61667,"[0, 0]"
Conquista,5418,Valid,H4,0.0,1965-01-01,-19.85,-47.55,"[0, 0]"
Cosina,5451,Valid,H5,0.0,1844-01-01,21.16667,-100.86667,"[0, 0]"
Cranganore,5465,Valid,L6,0.0,1917-01-01,10.2,76.26667,"[0, 0]"
Crescent,5470,Valid,CM2,0.0,1936-01-01,35.95,-97.58333,"[0, 0]"
Cronstad,5474,Valid,H5,0.0,1877-01-01,-27.7,27.3,"[0, 0]"
Cross Roads,5476,Valid,H5,0.0,1892-01-01,35.63333,-78.13333,"[0, 0]"
Crumlin,5477,Valid,L5,0.0,1902-01-01,54.61667,-6.21667,"[0, 0]"
Cumberland Falls,5496,Valid,Aubrite,0.0,1919-01-01,36.83333,-84.35,"[0, 0]"
Cynthiana,5500,Valid,L/LL4,0.0,1877-01-01,38.4,-84.25,"[0, 0]"
Dahmani,5504,Valid,LL6,0.0,1981-01-01,35.61667,8.83333,"[0, 0]"
Dandapur,5511,Valid,L6,0.0,1878-01-01,26.91667,83.96667,"[0, 0]"
Daniel's Kuil,5513,Valid,EL6,0.0,1868-01-01,-28.2,24.56667,"[0, 0]"
Danville,5514,Valid,L6,0.0,1868-01-01,34.4,-87.06667,"[0, 0]"
Darmstadt,6603,Valid,H5,0.0,1804-01-01,49.86667,8.65,"[0, 0]"
Dashoguz,6604,Valid,H5,0.0,1998-01-01,41.98444,59.685,"[0, 0]"
Daule,51559,Valid,L5,0.0,2008-01-01,-1.87089,-79.95756,"[0, 0]"
De Cewsville,6621,Valid,H6,0.0,1887-01-01,43.0,-80.0,"[0, 0]"
Deal,6634,Valid,L6,0.0,1829-01-01,40.25,-74.0,"[0, 0]"
Delhi,6642,Valid,L5,0.0,1897-01-01,28.56667,77.25,"[0, 0]"
Demina,6649,Valid,L6,0.0,1911-01-01,51.46667,84.76667,"[0, 0]"
Denver,6660,Valid,L6,0.0,1967-01-01,39.7825,-104.93056,"[0, 0]"
Dergaon,6664,Valid,H5,0.0,2001-01-01,26.68333,93.86667,"[0, 0]"
Desuri,6693,Valid,H6,0.0,1962-01-01,25.73333,73.61667,"[0, 0]"
Devgaon,6694,Valid,H3.8,0.0,2001-01-01,19.0,81.0,"[0, 0]"
Devri-Khera,6696,Valid,L6,0.0,1994-01-01,24.225,76.525,"[0, 0]"
Dhajala,6698,Valid,H3.8,0.0,1976-01-01,22.37778,71.42722,"[0, 0]"
Dharwar,6699,Valid,OC,0.0,1848-01-01,14.88333,75.6,"[0, 0]"
Dhurmsala,7640,Valid,LL6,0.0,1860-01-01,32.23333,76.46667,"[0, 0]"
Didim,47350,Valid,H3-5,0.0,2007-01-01,37.35172,27.32997,"[0, 0]"
Diep River,7642,Valid,L6,0.0,1906-01-01,-33.75,18.56667,"[0, 0]"
Distrito Quebracho,7649,Valid,H4,0.0,1957-01-01,-31.88333,-60.46667,"[0, 0]"
Djati-Pengilon,7652,Valid,H6,0.0,1884-01-01,-7.5,111.5,"[0, 0]"
Djermaia,7656,Valid,H,0.0,1961-01-01,12.73333,15.05,"[0, 0]"
Djoumine,7657,Valid,H5-6,0.0,1999-01-01,36.95,9.55,"[0, 0]"
Dokachi,7658,Valid,H5,0.0,1903-01-01,23.5,90.33333,"[0, 0]"
Dolgovoli,7659,Valid,L6,0.0,1864-01-01,50.75,25.3,"[0, 0]"
Domanitch,7661,Valid,L5,0.0,1907-01-01,40.0,29.0,"[0, 0]"
Dong Ujimqin Qi,7706,Valid,Mesosiderite,0.0,1995-01-01,45.5,119.03333,"[0, 0]"
Donga Kohrod,7707,Valid,H6,0.0,1899-01-01,21.86667,82.45,"[0, 0]"
Dongtai,7708,Valid,LL6,0.0,1970-01-01,32.91667,120.78333,"[0, 0]"
Doroninsk,7718,Valid,H5-7,0.0,1805-01-01,51.2,112.3,"[0, 0]"
Dosso,7722,Valid,L6,0.0,1962-01-01,13.05,3.16667,"[0, 0]"
Douar Mghila,7723,Valid,LL6,0.0,1932-01-01,32.33333,-6.3,"[0, 0]"
Dowa,7725,Valid,Stone-uncl,0.0,1976-01-01,-13.66667,33.91667,"[0, 0]"
Drake Creek,7728,Valid,L6,0.0,1827-01-01,36.4,-86.5,"[0, 0]"
Dresden (Ontario),7731,Valid,H6,0.0,1939-01-01,42.52,-82.26,"[0, 0]"
Dubrovnik,7736,Valid,L3-6,0.0,1951-01-01,42.45833,18.44167,"[0, 0]"
Dunbogan,7743,Valid,L6,0.0,1999-01-01,-31.66667,152.83333,"[0, 0]"
Dundrum,7745,Valid,H5,0.0,1865-01-01,52.55,-8.03333,"[0, 0]"
Dunhua,7749,Valid,Stone-uncl,0.0,1976-01-01,43.33333,128.25,"[0, 0]"
Durala,7750,Valid,L6,0.0,1815-01-01,30.3,76.63333,"[0, 0]"
Duruma,7752,Valid,L6,0.0,1853-01-01,-4.0,39.5,"[0, 0]"
Duwun,7754,Valid,L6,0.0,1943-01-01,33.43333,127.26667,"[0, 0]"
Dwaleni,7755,Valid,H4-6,0.0,1970-01-01,-27.2,31.31667,"[0, 0]"
Dyalpur,7757,Valid,Ureilite,0.0,1872-01-01,26.25,82.0,"[0, 0]"
Dyarrl Island,7758,Valid,Mesosiderite-A1,0.0,1933-01-01,-3.0,151.0,"[0, 0]"
Eagle,7760,Valid,EL6,0.0,1947-01-01,40.78167,-96.47167,"[0, 0]"
Ehole,7774,Valid,H5,0.0,1961-01-01,-17.3,15.83333,"[0, 0]"
Eichstädt,7775,Valid,H5,0.0,1785-01-01,48.9,11.21667,"[0, 0]"
Ekeby,7776,Valid,H4,0.0,1939-01-01,56.03333,13.0,"[0, 0]"
Ekh Khera,7777,Valid,H6,0.0,1916-01-01,28.26667,78.78333,"[0, 0]"
El Idrissia,7807,Valid,L6,0.0,1989-01-01,34.41667,3.25,"[0, 0]"
El Paso de Aguila,45977,Valid,H5,0.0,1977-01-01,25.37,-97.37,"[0, 0]"
El Tigre,7819,Valid,L6,0.0,1993-01-01,19.96722,-103.05167,"[0, 0]"
Elbert,7822,Valid,LL6,0.0,1998-01-01,39.24667,-104.58817,"[0, 0]"
Elbogen,7823,Valid,"Iron, IID",0.0,,50.18333,12.73333,"[0, 0]"
Elenovka,7824,Valid,L5,0.0,1951-01-01,47.83333,37.66667,"[0, 0]"
Ellemeet,10019,Valid,Diogenite,0.0,1925-01-01,51.75,4.0,"[0, 0]"
Emmaville,10033,Valid,Eucrite-mmict,0.0,1900-01-01,-29.46667,151.61667,"[0, 0]"
Enshi,10038,Valid,H5,0.0,1974-01-01,30.3,109.5,"[0, 0]"
Ensisheim,10039,Valid,LL6,0.0,,47.86667,7.35,"[0, 0]"
Épinal,10041,Valid,H5,0.0,1822-01-01,48.18333,6.46667,"[0, 0]"
Erakot,10042,Valid,CM2,0.0,1940-01-01,19.03333,81.89167,"[0, 0]"
Erevan,10043,Valid,Howardite,0.0,1911-01-01,40.3,44.5,"[0, 0]"
Ergheo,10044,Valid,L5,0.0,1889-01-01,1.16667,44.16667,"[0, 0]"
Erxleben,10049,Valid,H6,0.0,1812-01-01,52.21667,11.25,"[0, 0]"
Esnandes,10051,Valid,L6,0.0,1837-01-01,46.25,-1.1,"[0, 0]"
Essebi,10055,Valid,C2-ung,0.0,1957-01-01,2.88333,30.83333,"[0, 0]"
Estherville,10059,Valid,Mesosiderite-A3/4,0.0,1879-01-01,43.41667,-94.83333,"[0, 0]"
Farmington,10074,Valid,L5,0.0,1890-01-01,39.75,-97.03333,"[0, 0]"
Farmville,10075,Valid,H4,0.0,1934-01-01,35.55,-77.53333,"[0, 0]"
Favars,10078,Valid,H5,0.0,1844-01-01,44.38333,2.81667,"[0, 0]"
Fayetteville,10079,Valid,H4,0.0,1934-01-01,36.05,-94.16667,"[0, 0]"
Feid Chair,10080,Valid,H4,0.0,1875-01-01,36.88333,8.45,"[0, 0]"
Felix,10081,Valid,CO3.3,0.0,1900-01-01,32.53333,-87.16667,"[0, 0]"
Fenghsien-Ku,10086,Valid,H5,0.0,1924-01-01,34.6,116.75,"[0, 0]"
Ferguson,10088,Valid,OC,0.0,1889-01-01,36.1,-81.41667,"[0, 0]"
Fermo,10091,Valid,H3-5,0.0,1996-01-01,43.18111,13.75333,"[0, 0]"
Fisher,10107,Valid,L6,0.0,1894-01-01,47.81667,-96.85,"[0, 0]"
Florence,10111,Valid,H3,0.0,1922-01-01,30.83333,-97.76667,"[0, 0]"
Forest City,10119,Valid,H5,0.0,1890-01-01,43.25,-93.66667,"[0, 0]"
Forest Vale,10120,Valid,H4,0.0,1942-01-01,-33.35,146.85833,"[0, 0]"
Forksville,10123,Valid,L6,0.0,1924-01-01,36.78333,-78.08333,"[0, 0]"
Forsbach,10163,Valid,H6,0.0,1900-01-01,50.95,7.31667,"[0, 0]"
Forsyth,10164,Valid,L6,0.0,1829-01-01,33.01667,-83.96667,"[0, 0]"
Fort Flatters,10166,Valid,Stone-uncl,0.0,1944-01-01,28.25,7.0,"[0, 0]"
Frankfort (stone),10177,Valid,Howardite,0.0,1868-01-01,34.48333,-87.83333,"[0, 0]"
Fuhe,52412,Valid,L5,0.0,1945-01-01,31.47556,113.56694,"[0, 0]"
Fukutomi,10836,Valid,L5,0.0,1882-01-01,33.18333,130.2,"[0, 0]"
Fünen,10838,Valid,Stone-uncl,0.0,,55.33333,10.33333,"[0, 0]"
Futtehpur,10839,Valid,L6,0.0,1822-01-01,25.95,80.81667,"[0, 0]"
Fuyang,10840,Valid,Stone-uncl,0.0,1977-01-01,32.9,115.9,"[0, 0]"
Galapian,10846,Valid,H6,0.0,1826-01-01,44.3,0.4,"[0, 0]"
Galim (a),10848,Valid,LL6,0.0,1952-01-01,7.05,12.43333,"[0, 0]"
Galim (b),10849,Valid,EH3/4-an,0.0,1952-01-01,7.05,12.43333,"[0, 0]"
Galkiv,10850,Valid,H4,0.0,1995-01-01,51.68333,30.78333,"[0, 0]"
Gambat,10851,Valid,L6,0.0,1897-01-01,27.35,68.53333,"[0, 0]"
Gao-Guenie,10854,Valid,H5,0.0,1960-01-01,11.65,-2.18333,"[0, 0]"
Garhi Yasin,10860,Valid,"Iron, IIE",0.0,1917-01-01,27.88333,68.53333,"[0, 0]"
Garland,10861,Valid,Diogenite-pm,0.0,1950-01-01,41.68333,-112.13333,"[0, 0]"
Gashua,44882,Valid,L6,0.0,1984-01-01,12.85,11.03333,"[0, 0]"
Gasseltepaoua,10866,Valid,H5,0.0,2000-01-01,14.15083,-2.04167,"[0, 0]"
Geidam,10870,Valid,H5,0.0,1950-01-01,12.91667,11.91667,"[0, 0]"
Gifu,10914,Valid,L6,0.0,1909-01-01,35.53333,136.88333,"[0, 0]"
Girgenti,10917,Valid,L6,0.0,1853-01-01,37.31667,13.56667,"[0, 0]"
Git-Git,10919,Valid,L6,0.0,1947-01-01,9.6,9.91667,"[0, 0]"
Glanerbrug,10923,Valid,L/LL5,0.0,1990-01-01,52.2,6.86667,"[0, 0]"
Glanggang,10924,Valid,H5-6,0.0,1939-01-01,-7.25,107.7,"[0, 0]"
Glasatovo,10926,Valid,H4,0.0,1918-01-01,57.35,37.61667,"[0, 0]"
Glatton,10930,Valid,L6,0.0,1991-01-01,52.45972,-0.3,"[0, 0]"
Gnadenfrei,10936,Valid,H5,0.0,1879-01-01,50.66667,16.76667,"[0, 0]"
Gopalpur,10948,Valid,H6,0.0,1865-01-01,24.23333,89.05,"[0, 0]"
Gorlovka,10949,Valid,H3.7,0.0,1974-01-01,48.28333,38.08333,"[0, 0]"
Granes,10956,Valid,L6,0.0,1964-01-01,42.9,2.25,"[0, 0]"
Grefsheim,11196,Valid,L5,0.0,1976-01-01,60.66667,11.0,"[0, 0]"
Grimsby,50911,Valid,H5,0.0,2009-01-01,43.2,-79.61667,"[0, 0]"
Grosnaja,11206,Valid,CV3,0.0,1861-01-01,43.66667,45.38333,"[0, 0]"
Gross-Divina,11207,Valid,H5,0.0,1837-01-01,49.26667,18.71667,"[0, 0]"
Grossliebenthal,11208,Valid,L6,0.0,1881-01-01,46.35,30.58333,"[0, 0]"
Grüneberg,11426,Valid,H4,0.0,1841-01-01,51.93333,15.5,"[0, 0]"
Grzempach,11429,Valid,H5,0.0,1910-01-01,52.86667,16.63333,"[0, 0]"
Gualeguaychú,11432,Valid,H6,0.0,1932-01-01,-33.0,-58.61667,"[0, 0]"
Guangmingshan,11435,Valid,H5,0.0,1996-01-01,39.80417,122.76389,"[0, 0]"
Guangnan,11436,Valid,L6,0.0,1983-01-01,24.1,105.0,"[0, 0]"
Guangrao,11437,Valid,L6,0.0,1980-01-01,37.1,118.4,"[0, 0]"
Guareña,11439,Valid,H6,0.0,1892-01-01,38.73333,-6.01667,"[0, 0]"
Guêa,11440,Valid,Stone-uncl,0.0,1891-01-01,43.76667,20.23333,"[0, 0]"
Guibga,11442,Valid,L5,0.0,1972-01-01,13.5,-0.68333,"[0, 0]"
Guidder,11443,Valid,LL5,0.0,1949-01-01,9.91667,13.98333,"[0, 0]"
Gujargaon,11448,Valid,H5,0.0,1982-01-01,22.98333,76.05,"[0, 0]"
Gujba,11449,Valid,CBa,0.0,1984-01-01,11.49167,11.65833,"[0, 0]"
Gumoschnik,11450,Valid,H5,0.0,1904-01-01,42.9,24.7,"[0, 0]"
Gurram Konda,11464,Valid,L6,0.0,1814-01-01,13.78333,78.56667,"[0, 0]"
Gursum,11465,Valid,H4/5,0.0,1981-01-01,9.36667,42.41667,"[0, 0]"
Gütersloh,11466,Valid,H3/4,0.0,1851-01-01,51.91667,8.38333,"[0, 0]"
Gyokukei,11467,Valid,OC,0.0,1930-01-01,35.0,127.5,"[0, 0]"
Hachi-oji,11468,Valid,H?,0.0,1817-01-01,35.65,139.33333,"[0, 0]"
Hainaut,11472,Valid,H3-6,0.0,1934-01-01,50.31667,3.73333,"[0, 0]"
Hallingeberg,11479,Valid,L3.4,0.0,1944-01-01,57.81667,16.23333,"[0, 0]"
Hamlet,11485,Valid,LL4,0.0,1959-01-01,41.38333,-86.6,"[0, 0]"
Haraiya,11824,Valid,Eucrite-mmict,0.0,1878-01-01,26.8,82.53333,"[0, 0]"
Haripura,11829,Valid,CM2,0.0,1921-01-01,28.38333,75.78333,"[0, 0]"
Harleton,11830,Valid,L6,0.0,1961-01-01,32.675,-94.51167,"[0, 0]"
Harrison County,11842,Valid,L6,0.0,1859-01-01,38.25,-86.16667,"[0, 0]"
Hashima,11848,Valid,H4,0.0,1910-01-01,35.2945,136.70033,"[0, 0]"
Hassi-Jekna,11852,Valid,"Iron, IAB-sHL",0.0,1890-01-01,28.95,0.81667,"[0, 0]"
Hatford,11855,Valid,Stone-uncl,0.0,,51.65,-1.51667,"[0, 0]"
Haverö,11859,Valid,Ureilite,0.0,1971-01-01,60.24556,22.06194,"[0, 0]"
Hedeskoga,11869,Valid,H5,0.0,1922-01-01,55.46667,13.78333,"[0, 0]"
Hedjaz,11870,Valid,L3.7-6,0.0,1910-01-01,27.33333,35.66667,"[0, 0]"
Heredia,11875,Valid,H5,0.0,1857-01-01,10.0,-84.1,"[0, 0]"
Hessle,11878,Valid,H5,0.0,1869-01-01,59.85,17.66667,"[0, 0]"
Higashi-koen,11883,Valid,H5,0.0,1897-01-01,33.6,130.43333,"[0, 0]"
High Possil,11884,Valid,L6,0.0,1804-01-01,55.9,-4.23333,"[0, 0]"
Hiroshima,11889,Valid,H5,0.0,2003-01-01,34.45,132.38333,"[0, 0]"
Hoima,44714,Valid,H6,0.0,2003-01-01,1.345,31.47278,"[0, 0]"
Hökmark,11893,Valid,L4,0.0,1954-01-01,64.43333,21.2,"[0, 0]"
Holbrook,11894,Valid,L/LL6,0.0,1912-01-01,34.9,-110.18333,"[0, 0]"
Holetta,11895,Valid,Stone-uncl,0.0,1923-01-01,9.06667,38.41667,"[0, 0]"
Homestead,11901,Valid,L5,0.0,1875-01-01,41.8,-91.86667,"[0, 0]"
Honolulu,11904,Valid,L5,0.0,1825-01-01,21.3,-157.86667,"[0, 0]"
Hotse,11913,Valid,L6,0.0,1956-01-01,35.66667,115.5,"[0, 0]"
Hoxie,11915,Valid,OC,0.0,1963-01-01,39.35,-100.45,"[0, 0]"
Hraschina,11916,Valid,"Iron, IID",0.0,1751-01-01,46.1,16.33333,"[0, 0]"
Huaxi,54719,Valid,H5,0.0,2010-01-01,26.46469,106.63241,"[0, 0]"
Hungen,11986,Valid,H6,0.0,1877-01-01,50.3,8.91667,"[0, 0]"
Hvittis,11989,Valid,EL6,0.0,1901-01-01,61.18333,22.68333,"[0, 0]"
Ibbenbüren,11992,Valid,Diogenite,0.0,1870-01-01,52.28333,7.7,"[0, 0]"
Ibitira,11993,Valid,Eucrite-mmict,0.0,1957-01-01,-20.0,-45.0,"[0, 0]"
Ibrisim,11994,Valid,OC,0.0,1949-01-01,38.0,35.0,"[0, 0]"
Ichkala,11995,Valid,H6,0.0,1936-01-01,58.2,82.93333,"[0, 0]"
Idutywa,12000,Valid,H5,0.0,1956-01-01,-32.1,28.33333,"[0, 0]"
Iguaracu,12003,Valid,H5,0.0,1977-01-01,-23.2,-51.83333,"[0, 0]"
Ijopega,12004,Valid,H6,0.0,1975-01-01,-6.03333,145.36667,"[0, 0]"
Indarch,12027,Valid,EH4,0.0,1891-01-01,39.75,46.66667,"[0, 0]"
Independence,12028,Valid,L6,0.0,1917-01-01,39.08333,-94.4,"[0, 0]"
Inner Mongolia,12037,Valid,L6,0.0,1963-01-01,41.0,112.0,"[0, 0]"
Innisfree,12039,Valid,L5,0.0,1977-01-01,53.415,-111.3375,"[0, 0]"
Ipiranga,12043,Valid,H6,0.0,1972-01-01,-25.5,-54.5,"[0, 0]"
Ishinga,12049,Valid,H,0.0,1954-01-01,-8.93333,33.8,"[0, 0]"
Isthilart,12053,Valid,H5,0.0,1928-01-01,-31.18333,-57.95,"[0, 0]"
Itapicuru-Mirim,12056,Valid,H5,0.0,1879-01-01,-3.4,-44.33333,"[0, 0]"
Itqiy,12058,Valid,EH7-an,0.0,1990-01-01,26.59083,-12.95217,"[0, 0]"
Ivuna,12063,Valid,CI1,0.0,1938-01-01,-8.41667,32.43333,"[0, 0]"
Jackalsfontein,12065,Valid,L6,0.0,1903-01-01,-32.5,21.9,"[0, 0]"
Jajh deh Kot Lalu,12067,Valid,EL6,0.0,1926-01-01,26.75,68.41667,"[0, 0]"
Jalanash,12068,Valid,Ureilite,0.0,1990-01-01,0.0,0.0,"[0, 0]"
Jalandhar,12069,Valid,Iron,0.0,,31.0,75.0,"[0, 0]"
Jamkheir,12072,Valid,H6,0.0,1866-01-01,18.75,75.33333,"[0, 0]"
Jartai,12074,Valid,L6,0.0,1979-01-01,39.7,105.8,"[0, 0]"
Jelica,12078,Valid,LL6,0.0,1889-01-01,43.83333,20.44167,"[0, 0]"
Jemlapur,12079,Valid,L6,0.0,1901-01-01,0.0,0.0,"[0, 0]"
Jesenice,51589,Valid,L6,0.0,2009-01-01,46.42137,14.05217,"[0, 0]"
Jhung,12085,Valid,L5,0.0,1873-01-01,31.3,72.38333,"[0, 0]"
Jiange,12086,Valid,H5,0.0,1964-01-01,31.91667,104.91667,"[0, 0]"
Jianshi,12087,Valid,"Iron, IIIAB",0.0,1890-01-01,30.80833,109.5,"[0, 0]"
Jilin,12171,Valid,H5,0.0,1976-01-01,44.05,126.16667,"[0, 0]"
Jodiya,47362,Valid,L5,0.0,2006-01-01,22.68,70.31333,"[0, 0]"
Jodzie,12173,Valid,Howardite,0.0,1877-01-01,55.7,24.4,"[0, 0]"
Johnstown,12198,Valid,Diogenite,0.0,1924-01-01,40.35,-104.9,"[0, 0]"
Jolomba,12199,Valid,LL6,0.0,1974-01-01,-11.85,15.83333,"[0, 0]"
Jonzac,12202,Valid,Eucrite-mmict,0.0,1819-01-01,45.43333,-0.45,"[0, 0]"
Juancheng,12203,Valid,H5,0.0,1997-01-01,35.5,115.41667,"[0, 0]"
Judesegeri,12207,Valid,H6,0.0,1876-01-01,12.85,76.8,"[0, 0]"
Jumapalo,12209,Valid,L6,0.0,1984-01-01,-7.71667,111.2,"[0, 0]"
Junan,12210,Valid,L6,0.0,1976-01-01,35.2,118.8,"[0, 0]"
Juromenha,12213,Valid,"Iron, IIIAB",0.0,1968-01-01,38.74028,-7.27,"[0, 0]"
Juvinas,12214,Valid,Eucrite-mmict,0.0,1821-01-01,44.71667,4.3,"[0, 0]"
Kaba,12218,Valid,CV3,0.0,1857-01-01,47.35,21.3,"[0, 0]"
Kabo,12220,Valid,H4,0.0,1971-01-01,11.85,8.21667,"[0, 0]"
Kadonah,12221,Valid,H6,0.0,1822-01-01,27.08333,78.33333,"[0, 0]"
Kaee,12222,Valid,H5,0.0,1838-01-01,27.25,79.96667,"[0, 0]"
Kagarlyk,12227,Valid,L6,0.0,1908-01-01,49.86667,30.83333,"[0, 0]"
Kaidun,12228,Valid,CR2,0.0,1980-01-01,15.0,48.3,"[0, 0]"
Kainsaz,12229,Valid,CO3.2,0.0,1937-01-01,55.43333,53.25,"[0, 0]"
Kakangari,12230,Valid,K3,0.0,1890-01-01,12.38333,78.51667,"[0, 0]"
Kakowa,12231,Valid,L6,0.0,1858-01-01,45.13333,21.66667,"[0, 0]"
Kalaba,12232,Valid,H4,0.0,1951-01-01,-6.83333,29.5,"[0, 0]"
Kalumbi,12236,Valid,L6,0.0,1879-01-01,17.83333,73.98333,"[0, 0]"
Kamalpur,12238,Valid,L6,0.0,1942-01-01,26.03333,81.46667,"[0, 0]"
Kamiomi,12240,Valid,H5,0.0,1913-01-01,36.04167,139.95667,"[0, 0]"
Kamsagar,12241,Valid,L6,0.0,1902-01-01,14.18333,75.8,"[0, 0]"
Kandahar (Afghanistan),12243,Valid,L6,0.0,1959-01-01,31.6,65.78333,"[0, 0]"
Kangean,12245,Valid,H5,0.0,1908-01-01,-7.0,115.5,"[0, 0]"
Kangra Valley,12246,Valid,H5,0.0,1897-01-01,32.08333,76.3,"[0, 0]"
Kapoeta,12251,Valid,Howardite,0.0,1942-01-01,4.7,33.63333,"[0, 0]"
Kaprada,47357,Valid,L5/6,0.0,2004-01-01,20.33916,73.22329,"[0, 0]"
Kaptal-Aryk,12253,Valid,L6,0.0,1937-01-01,42.45,73.36667,"[0, 0]"
Karakol,12256,Valid,LL6,0.0,1840-01-01,47.21667,81.01667,"[0, 0]"
Karatu,12258,Valid,LL6,0.0,1963-01-01,-3.5,35.58333,"[0, 0]"
Karewar,12260,Valid,L6,0.0,1949-01-01,12.9,7.15,"[0, 0]"
Karkh,12262,Valid,L6,0.0,1905-01-01,27.8,67.16667,"[0, 0]"
Karloowala,12263,Valid,L6,0.0,1955-01-01,31.58333,71.6,"[0, 0]"
Karoonda,12264,Valid,CK4,0.0,1930-01-01,-35.08333,139.91667,"[0, 0]"
Kasamatsu,12266,Valid,H,0.0,1938-01-01,35.36667,136.76667,"[0, 0]"
Kasauli,30740,Valid,H4,0.0,2003-01-01,29.58333,77.58333,"[0, 0]"
Katagum,35465,Valid,L6,0.0,1999-01-01,11.33333,10.08333,"[0, 0]"
Kavarpura,47351,Valid,"Iron, IIE-an",0.0,2006-01-01,25.14333,75.81333,"[0, 0]"
Kayakent,12268,Valid,"Iron, IIIAB",0.0,1961-01-01,39.26333,31.78,"[0, 0]"
Kediri,12270,Valid,L4,0.0,1940-01-01,-7.75,112.01667,"[0, 0]"
Kemer,53654,Valid,L4,0.0,2008-01-01,36.54194,29.41822,"[0, 0]"
Kendleton,12275,Valid,L4,0.0,1939-01-01,29.45,-96.0,"[0, 0]"
Kendrapara,12276,Valid,H4-5,0.0,2003-01-01,20.4625,86.70278,"[0, 0]"
Kerilis,12282,Valid,H5,0.0,1874-01-01,48.4,-3.3,"[0, 0]"
Kernouve,12284,Valid,H6,0.0,1869-01-01,48.11667,-3.08333,"[0, 0]"
Kesen,12286,Valid,H4,0.0,1850-01-01,38.98333,141.61667,"[0, 0]"
Khairpur,12288,Valid,EL6,0.0,1873-01-01,29.53333,72.3,"[0, 0]"
Khanpur,12289,Valid,LL5,0.0,1932-01-01,25.55,83.11667,"[0, 0]"
Kharkov,12291,Valid,L6,0.0,1787-01-01,50.625,35.075,"[0, 0]"
Kheragur,12294,Valid,L6,0.0,1860-01-01,26.95,77.88333,"[0, 0]"
Khetri,12296,Valid,H6,0.0,1867-01-01,28.01667,75.81667,"[0, 0]"
Khmelevka,12297,Valid,L5,0.0,1929-01-01,56.75,75.33333,"[0, 0]"
Khohar,12298,Valid,L3.6,0.0,1910-01-01,25.1,81.53333,"[0, 0]"
Khor Temiki,12299,Valid,Aubrite,0.0,1932-01-01,16.0,36.0,"[0, 0]"
Kidairat,12300,Valid,H6,0.0,1983-01-01,14.0,28.0,"[0, 0]"
Kiel,12301,Valid,L6,0.0,1962-01-01,54.4,10.15,"[0, 0]"
Kiffa,12303,Valid,H5,0.0,1970-01-01,16.58333,-11.33333,"[0, 0]"
Kijima (1906),12305,Valid,Stone-uncl,0.0,1906-01-01,36.85,138.38333,"[0, 0]"
Kikino,12306,Valid,H6,0.0,1809-01-01,55.0,34.0,"[0, 0]"
Kilabo,12307,Valid,LL6,0.0,2002-01-01,12.76667,9.8,"[0, 0]"
Kilbourn,12308,Valid,H5,0.0,1911-01-01,43.58333,-89.6,"[0, 0]"
Killeter,12309,Valid,H6,0.0,1844-01-01,54.66667,-7.66667,"[0, 0]"
Kingai,12316,Valid,H6,0.0,1967-01-01,11.63333,24.68333,"[0, 0]"
Kirbyville,12321,Valid,Eucrite-mmict,0.0,1906-01-01,30.75,-95.95,"[0, 0]"
Kisvarsány,12325,Valid,L6,0.0,1914-01-01,48.16667,22.30833,"[0, 0]"
Kitchener,12326,Valid,L6,0.0,1998-01-01,43.38333,-80.38333,"[0, 0]"
Klein-Wenden,12332,Valid,H6,0.0,1843-01-01,51.6,10.8,"[0, 0]"
Knyahinya,12335,Valid,L/LL5,0.0,1866-01-01,48.9,22.4,"[0, 0]"
Kobe,12336,Valid,CK4,0.0,1999-01-01,34.73333,135.16667,"[0, 0]"
Kokubunji,12342,Valid,L6,0.0,1986-01-01,34.3,133.95,"[0, 0]"
Komagome,12343,Valid,Iron,0.0,1926-01-01,35.73333,139.75,"[0, 0]"
Konovo,12344,Valid,LL5,0.0,1931-01-01,42.51667,26.16667,"[0, 0]"
Košice,53810,Valid,H5,0.0,2010-01-01,48.76367,21.17633,"[0, 0]"
Krähenberg,12353,Valid,LL5,0.0,1869-01-01,49.32694,7.46472,"[0, 0]"
Krasnoi-Ugol,12355,Valid,L6,0.0,1829-01-01,54.03333,40.9,"[0, 0]"
Krasnyi Klyuch,12357,Valid,H5,0.0,1946-01-01,54.33333,56.08333,"[0, 0]"
Krutikha,12363,Valid,OC,0.0,1906-01-01,56.8,77.0,"[0, 0]"
Krymka,12364,Valid,LL3.2,0.0,1946-01-01,47.83333,30.76667,"[0, 0]"
Kukschin,12368,Valid,L6,0.0,1938-01-01,51.15,31.7,"[0, 0]"
Kulak,12369,Valid,L5,0.0,1961-01-01,30.73111,66.80222,"[0, 0]"
Kuleschovka,12370,Valid,L6,0.0,1811-01-01,50.75,33.5,"[0, 0]"
Kulp,12373,Valid,H6,0.0,1906-01-01,41.11667,45.0,"[0, 0]"
Kunashak,12377,Valid,L6,0.0,1949-01-01,55.78333,61.36667,"[0, 0]"
Kunya-Urgench,12379,Valid,H5,0.0,1998-01-01,42.25,59.2,"[0, 0]"
Kushiike,12381,Valid,OC,0.0,1920-01-01,37.05,138.38333,"[0, 0]"
Kusiali,12382,Valid,L6,0.0,1860-01-01,29.68333,78.38333,"[0, 0]"
Kutais,12383,Valid,H5,0.0,1977-01-01,44.51667,39.3,"[0, 0]"
Kuttippuram,12384,Valid,L6,0.0,1914-01-01,10.83333,76.03333,"[0, 0]"
Kuznetzovo,12385,Valid,L6,0.0,1932-01-01,55.2,75.33333,"[0, 0]"
Kyushu,12390,Valid,L6,0.0,1886-01-01,32.03333,130.63333,"[0, 0]"
La Bécasse,12392,Valid,L6,0.0,1879-01-01,47.08333,1.75,"[0, 0]"
La Charca,12394,Valid,OC,0.0,1878-01-01,20.66667,-101.28333,"[0, 0]"
La Colina,12395,Valid,H5,0.0,1924-01-01,-37.33333,-61.53333,"[0, 0]"
La Criolla,12396,Valid,L6,0.0,1985-01-01,-31.23333,-58.16667,"[0, 0]"
Laborel,12408,Valid,H5,0.0,1871-01-01,44.28333,5.58333,"[0, 0]"
Lahrauli,12433,Valid,Ureilite,0.0,1955-01-01,26.78333,82.71667,"[0, 0]"
L'Aigle,12434,Valid,L6,0.0,1803-01-01,48.76667,0.63333,"[0, 0]"
Cumulus Hills 04075,32531,Valid,Pallasite,0.0,2003-01-01,0.0,0.0,"[0, 0]"
Lakangaon,12435,Valid,Eucrite-mmict,0.0,1910-01-01,21.86667,76.03333,"[0, 0]"
Lalitpur,12451,Valid,L6,0.0,1887-01-01,24.45,78.56667,"[0, 0]"
Lancé,12455,Valid,CO3.5,0.0,1872-01-01,47.7,1.06667,"[0, 0]"
Lancon,12456,Valid,H6,0.0,1897-01-01,43.75,5.11667,"[0, 0]"
Långhalsen,12461,Valid,L6,0.0,1947-01-01,58.85,16.73333,"[0, 0]"
Lanxi,12464,Valid,L6,0.0,1986-01-01,46.24167,126.19611,"[0, 0]"
Lanzenkirchen,12465,Valid,L4,0.0,1925-01-01,47.75,16.23333,"[0, 0]"
Laochenzhen,12466,Valid,H5,0.0,1987-01-01,33.13333,115.16667,"[0, 0]"
Launton,12740,Valid,L6,0.0,1830-01-01,51.9,-1.11667,"[0, 0]"
Lavrentievka,12743,Valid,L6,0.0,1938-01-01,52.45,51.56667,"[0, 0]"
Le Pressoir,12748,Valid,H5,0.0,1845-01-01,47.16667,0.43333,"[0, 0]"
Le Teilleul,12749,Valid,Howardite,0.0,1845-01-01,48.53333,-0.86667,"[0, 0]"
Leedey,12755,Valid,L6,0.0,1943-01-01,35.88333,-99.33333,"[0, 0]"
Leeuwfontein,12756,Valid,L6,0.0,1912-01-01,-25.66667,28.36667,"[0, 0]"
Leighlinbridge,12759,Valid,L6,0.0,1999-01-01,52.66667,-6.96667,"[0, 0]"
Leighton,12760,Valid,H5,0.0,1907-01-01,34.58333,-87.5,"[0, 0]"
Leonovka,12765,Valid,L6,0.0,1900-01-01,52.26667,32.85,"[0, 0]"
Les Ormes,12769,Valid,L6,0.0,1857-01-01,48.35,3.25,"[0, 0]"
Lesves,12772,Valid,L6,0.0,1896-01-01,50.36667,4.73333,"[0, 0]"
Lichtenberg,14646,Valid,H6,0.0,1973-01-01,-26.15,26.18333,"[0, 0]"
Lillaverke,14650,Valid,H5,0.0,1930-01-01,56.65,15.86667,"[0, 0]"
Limerick,14652,Valid,H5,0.0,1813-01-01,52.56667,-8.78333,"[0, 0]"
Linum,14655,Valid,L6,0.0,1854-01-01,52.75,12.9,"[0, 0]"
Lishui,14659,Valid,L5,0.0,1978-01-01,31.63333,118.98333,"[0, 0]"
Lissa,14661,Valid,L6,0.0,1808-01-01,50.2,14.85,"[0, 0]"
Little Piney,14664,Valid,L5,0.0,1839-01-01,37.91667,-92.08333,"[0, 0]"
Lixna,14670,Valid,H4,0.0,1820-01-01,56.0,26.43333,"[0, 0]"
Lodran,14675,Valid,Lodranite,0.0,1868-01-01,29.53333,71.8,"[0, 0]"
Lohawat,14678,Valid,Howardite,0.0,1994-01-01,26.96556,72.62667,"[0, 0]"
Lorton,52843,Valid,L6,0.0,2010-01-01,38.70066,-77.21163,"[0, 0]"
Los Martinez,14708,Valid,L6,0.0,1894-01-01,38.0,-0.83333,"[0, 0]"
Lost City,14711,Valid,H5,0.0,1970-01-01,36.00833,-95.15,"[0, 0]"
Louisville,14716,Valid,L6,0.0,1977-01-01,38.25,-85.75,"[0, 0]"
Łowicz,14718,Valid,Mesosiderite-A3,0.0,1935-01-01,52.0,19.91667,"[0, 0]"
Lua,14721,Valid,L5,0.0,1926-01-01,24.95,75.15,"[0, 0]"
Lucé,14724,Valid,L6,0.0,1768-01-01,47.85,0.48333,"[0, 0]"
Lumpkin,14753,Valid,L6,0.0,1869-01-01,32.03333,-84.76667,"[0, 0]"
Lunan,14754,Valid,H6,0.0,1980-01-01,24.8,103.3,"[0, 0]"
Lundsgård,14755,Valid,L6,0.0,1889-01-01,56.21667,13.03333,"[0, 0]"
Luotolax,14756,Valid,Howardite,0.0,1813-01-01,61.2,27.7,"[0, 0]"
Luponnas,14757,Valid,H3-5,0.0,1753-01-01,46.21667,5.0,"[0, 0]"
Lusaka,14759,Valid,Unknown,0.0,1951-01-01,-7.21667,29.43333,"[0, 0]"
Mabwe-Khoywa,14764,Valid,L5,0.0,1937-01-01,19.0,97.0,"[0, 0]"
Macau,15370,Valid,H5,0.0,1836-01-01,-5.2,-36.66667,"[0, 0]"
Machinga,15371,Valid,L6,0.0,1981-01-01,-15.21222,35.24222,"[0, 0]"
Macibini,15372,Valid,Eucrite-pmict,0.0,1936-01-01,-28.83333,31.95,"[0, 0]"
Madhipura,15379,Valid,L,0.0,1950-01-01,25.91667,86.36667,"[0, 0]"
Madiun,15380,Valid,L6,0.0,1935-01-01,-7.75,111.53333,"[0, 0]"
Madrid,15382,Valid,L6,0.0,1896-01-01,40.41667,-3.71667,"[0, 0]"
Mafra,15383,Valid,L3-4,0.0,1941-01-01,-26.16667,-49.93333,"[0, 0]"
Magnesia,15386,Valid,"Iron, IAB-sHL",0.0,1899-01-01,37.86667,27.51667,"[0, 0]"
Magombedze,15387,Valid,H3-5,0.0,1990-01-01,-19.48333,31.65,"[0, 0]"
Mahadevpur,47361,Valid,H4/5,0.0,2007-01-01,27.66667,95.78333,"[0, 0]"
Maigatari-Danduma,30751,Valid,H5/6,0.0,2004-01-01,12.83333,9.38333,"[0, 0]"
Malaga,15393,Valid,OC,0.0,1933-01-01,32.21667,-104.0,"[0, 0]"
Malakal,15394,Valid,L5,0.0,1970-01-01,9.5,31.75,"[0, 0]"
Malampaka,15395,Valid,H,0.0,1930-01-01,-3.13333,33.51667,"[0, 0]"
Malotas,15397,Valid,H5,0.0,1931-01-01,-28.93333,-63.23333,"[0, 0]"
Malvern,15400,Valid,Eucrite-pmict,0.0,1933-01-01,-29.45,26.76667,"[0, 0]"
Mamra Springs,15401,Valid,L6,0.0,1927-01-01,45.21667,62.08333,"[0, 0]"
Manbhoom,15402,Valid,LL6,0.0,1863-01-01,23.05,86.7,"[0, 0]"
Manegaon,15403,Valid,Diogenite,0.0,1843-01-01,20.96667,76.1,"[0, 0]"
Mangwendi,15405,Valid,LL6,0.0,1934-01-01,-17.65,31.6,"[0, 0]"
Manych,15409,Valid,LL3.4,0.0,1951-01-01,45.81667,44.63333,"[0, 0]"
Mardan,15414,Valid,H5,0.0,1948-01-01,34.23333,72.08333,"[0, 0]"
Maria Linden,15418,Valid,L4,0.0,1925-01-01,0.0,0.0,"[0, 0]"
Mariaville,15419,Valid,Iron,0.0,1898-01-01,42.71667,-99.38333,"[0, 0]"
Maribo,48973,Valid,CM2,0.0,2009-01-01,54.76183,11.46745,"[0, 0]"
Maridi,15421,Valid,H6,0.0,1941-01-01,4.66667,29.25,"[0, 0]"
Marilia,15422,Valid,H4,0.0,1971-01-01,-22.25,-49.93333,"[0, 0]"
Marion (Iowa),15424,Valid,L6,0.0,1847-01-01,41.9,-91.6,"[0, 0]"
Marjalahti,15426,Valid,"Pallasite, PMG",0.0,1902-01-01,61.5,30.5,"[0, 0]"
Marmande,15429,Valid,L5,0.0,1848-01-01,44.5,0.15,"[0, 0]"
Maromandia,15430,Valid,L6,0.0,2002-01-01,-14.2,48.1,"[0, 0]"
Maryville,15436,Valid,L6,0.0,1983-01-01,35.8,-84.1,"[0, 0]"
Mascombes,15438,Valid,L6,0.0,1836-01-01,45.36667,1.86667,"[0, 0]"
Mason Gully,53653,Valid,H5,0.0,2010-01-01,0.0,0.0,"[0, 0]"
Mässing,15443,Valid,Howardite,0.0,1803-01-01,48.13333,12.61667,"[0, 0]"
Mauerkirchen,15446,Valid,L6,0.0,1768-01-01,48.18333,13.13333,"[0, 0]"
Mauritius,15447,Valid,L6,0.0,1801-01-01,-20.0,57.0,"[0, 0]"
Mayo Belwa,15451,Valid,Aubrite,0.0,1974-01-01,8.96667,12.08333,"[0, 0]"
Mazapil,15453,Valid,"Iron, IAB-sLL",0.0,1885-01-01,24.68333,-101.68333,"[0, 0]"
Maziba,15454,Valid,L6,0.0,1942-01-01,-1.21667,30.0,"[0, 0]"
Mbale,15455,Valid,L5/6,0.0,1992-01-01,1.06667,34.16667,"[0, 0]"
Medanitos,15467,Valid,Eucrite-cm,0.0,1953-01-01,-27.25,-67.5,"[0, 0]"
Meerut,15469,Valid,H5,0.0,1861-01-01,29.01667,77.8,"[0, 0]"
Meester-Cornelis,15470,Valid,H5,0.0,1915-01-01,-6.23333,106.88333,"[0, 0]"
Menow,15485,Valid,H4,0.0,1862-01-01,53.18333,13.15,"[0, 0]"
Menziswyl,15486,Valid,L5,0.0,1903-01-01,46.81867,7.21817,"[0, 0]"
Mern,15489,Valid,L6,0.0,1878-01-01,55.05,12.06667,"[0, 0]"
Meru,15491,Valid,LL6,0.0,1945-01-01,0.0,37.66667,"[0, 0]"
Merua,15492,Valid,H5,0.0,1920-01-01,25.48333,81.98333,"[0, 0]"
Messina,15495,Valid,L5,0.0,1955-01-01,38.18333,15.56667,"[0, 0]"
Meuselbach,16626,Valid,L6,0.0,1897-01-01,50.58333,11.1,"[0, 0]"
Mezel,16627,Valid,L6,0.0,1949-01-01,45.76667,3.25,"[0, 0]"
Mezö-Madaras,16628,Valid,L3.7,0.0,1852-01-01,46.5,25.73333,"[0, 0]"
Mhow,16629,Valid,L6,0.0,1827-01-01,25.9,83.61667,"[0, 0]"
Mianchi,16631,Valid,H5,0.0,1980-01-01,34.8,111.7,"[0, 0]"
Middlesbrough,16632,Valid,L6,0.0,1881-01-01,54.56667,-1.16667,"[0, 0]"
Mifflin,52090,Valid,L5,0.0,2010-01-01,42.9075,-90.36556,"[0, 0]"
Mighei,16634,Valid,CM2,0.0,1889-01-01,48.06667,30.96667,"[0, 0]"
Mihonoseki,16635,Valid,L6,0.0,1992-01-01,35.56833,133.22,"[0, 0]"
Mike,16636,Valid,L6,0.0,1944-01-01,46.23333,17.53333,"[0, 0]"
Milena,16640,Valid,L6,0.0,1842-01-01,46.18333,16.1,"[0, 0]"
Millbillillie,16643,Valid,Eucrite-mmict,0.0,1960-01-01,-26.45,120.36667,"[0, 0]"
Miller (Arkansas),16645,Valid,H5,0.0,1930-01-01,35.4,-92.05,"[0, 0]"
Minamino,16692,Valid,L,0.0,,35.07833,136.93333,"[0, 0]"
Mineo,16696,Valid,Pallasite,0.0,1826-01-01,37.28333,14.7,"[0, 0]"
Min-Fan-Zhun,16697,Valid,LL6,0.0,1952-01-01,32.33333,120.66667,"[0, 0]"
Minnichhof,16700,Valid,OC,0.0,1905-01-01,47.7,16.6,"[0, 0]"
Mirzapur,16701,Valid,L5,0.0,1910-01-01,25.68333,83.25,"[0, 0]"
Misshof,16703,Valid,H5,0.0,1890-01-01,56.66667,23.0,"[0, 0]"
Mjelleim,16707,Valid,H,0.0,1898-01-01,61.73333,5.93333,"[0, 0]"
Mocs,16709,Valid,L5-6,0.0,1882-01-01,46.8,24.03333,"[0, 0]"
Modoc (1905),16711,Valid,L6,0.0,1905-01-01,38.5,-101.1,"[0, 0]"
Mokoia,16713,Valid,CV3,0.0,1908-01-01,-39.63333,174.4,"[0, 0]"
Molina,16715,Valid,H5,0.0,1858-01-01,38.11667,-1.16667,"[0, 0]"
Molteno,16717,Valid,Howardite,0.0,1953-01-01,-31.25,26.46667,"[0, 0]"
Monahans (1998),16719,Valid,H5,0.0,1998-01-01,31.60833,-102.85833,"[0, 0]"
Monroe,16720,Valid,H4,0.0,1849-01-01,35.25,-80.5,"[0, 0]"
Monte das Fortes,16725,Valid,L5,0.0,1950-01-01,38.01667,-8.25,"[0, 0]"
Monte Milone,16726,Valid,L5,0.0,1846-01-01,43.26667,13.35,"[0, 0]"
Montferré,16727,Valid,H5,0.0,1923-01-01,43.39056,1.9625,"[0, 0]"
Montlivault,16729,Valid,L6,0.0,1838-01-01,47.63333,1.58333,"[0, 0]"
Monze,16733,Valid,L6,0.0,1950-01-01,-15.96667,27.35,"[0, 0]"
Moore County,16736,Valid,Eucrite-cm,0.0,1913-01-01,35.41667,-79.38333,"[0, 0]"
Mooresfort,16737,Valid,H5,0.0,1810-01-01,52.45,-8.33333,"[0, 0]"
Moorleah,16738,Valid,L6,0.0,1930-01-01,-40.975,145.6,"[0, 0]"
Moradabad,16740,Valid,L6,0.0,1808-01-01,28.78333,78.83333,"[0, 0]"
Morávka,16742,Valid,H5,0.0,2000-01-01,49.6,18.53333,"[0, 0]"
Mornans,16747,Valid,H5,0.0,1875-01-01,44.6,5.13333,"[0, 0]"
Moss,36592,Valid,CO3.6,0.0,2006-01-01,59.43333,10.7,"[0, 0]"
Moti-ka-nagla,16759,Valid,H6,0.0,1868-01-01,26.83333,77.33333,"[0, 0]"
Motta di Conti,16762,Valid,H4,0.0,1868-01-01,45.2,8.5,"[0, 0]"
Mount Browne,16766,Valid,H6,0.0,1902-01-01,-29.8,141.7,"[0, 0]"
Mount Tazerzait,16804,Valid,L5,0.0,1991-01-01,18.7,4.8,"[0, 0]"
Mount Vaisi,16805,Valid,Stone-uncl,0.0,,44.08333,6.86667,"[0, 0]"
Mtola,16820,Valid,Stone-uncl,0.0,1944-01-01,-11.5,33.5,"[0, 0]"
Muddoor,16841,Valid,L5,0.0,1865-01-01,12.63333,77.01667,"[0, 0]"
Mulletiwu,16851,Valid,L,0.0,1795-01-01,9.33333,80.83333,"[0, 0]"
Muraid,16874,Valid,L6,0.0,1924-01-01,24.5,90.21667,"[0, 0]"
Murchison,16875,Valid,CM2,0.0,1969-01-01,-36.61667,145.2,"[0, 0]"
Murray,16882,Valid,CM2,0.0,1950-01-01,36.6,-88.1,"[0, 0]"
Muzaffarpur,16885,Valid,"Iron, IAB-sHL",0.0,1964-01-01,26.13333,85.53333,"[0, 0]"
Myhee Caunta,16887,Valid,OC,0.0,1842-01-01,23.05,72.63333,"[0, 0]"
Nadiabondi,16889,Valid,H5,0.0,1956-01-01,12.0,1.0,"[0, 0]"
Nagai,16890,Valid,L6,0.0,1922-01-01,38.12167,140.06167,"[0, 0]"
Nagaria,16892,Valid,Eucrite-cm,0.0,1875-01-01,26.98333,78.21667,"[0, 0]"
Nagy-Borové,16893,Valid,L5,0.0,1895-01-01,49.16667,19.5,"[0, 0]"
Nakhla,16898,Valid,Martian (nakhlite),0.0,1911-01-01,31.31667,30.35,"[0, 0]"
Nakhon Pathom,16899,Valid,L6,0.0,1923-01-01,13.73333,100.08333,"[0, 0]"
Nammianthal,16902,Valid,H5,0.0,1886-01-01,12.28333,79.2,"[0, 0]"
Nan Yang Pao,16903,Valid,L6,0.0,1917-01-01,35.66667,103.5,"[0, 0]"
Nanjemoy,16904,Valid,H6,0.0,1825-01-01,38.41667,-77.16667,"[0, 0]"
Nantong,16907,Valid,H6,0.0,1984-01-01,32.11667,121.8,"[0, 0]"
Naoki,16908,Valid,H6,0.0,1928-01-01,19.25,77.0,"[0, 0]"
Naragh,16909,Valid,H6,0.0,1974-01-01,33.75,51.5,"[0, 0]"
Narellan,16912,Valid,L6,0.0,1928-01-01,-34.05,150.68889,"[0, 0]"
Narni,16914,Valid,Stone-uncl,0.0,,42.51667,12.51667,"[0, 0]"
Nassirah,16922,Valid,H4,0.0,1936-01-01,-21.73333,165.9,"[0, 0]"
Natal,16923,Valid,Stone-uncl,0.0,1973-01-01,0.0,0.0,"[0, 0]"
Nawapali,16927,Valid,CM2,0.0,1890-01-01,21.25,83.66667,"[0, 0]"
Neagari,16934,Valid,L6,0.0,1995-01-01,36.44917,136.46528,"[0, 0]"
Nedagolla,16935,Valid,"Iron, ungrouped",0.0,1870-01-01,18.68333,83.48333,"[0, 0]"
Nejo,16941,Valid,L6,0.0,1970-01-01,9.5,35.33333,"[0, 0]"
Nerft,16945,Valid,L6,0.0,1864-01-01,56.5,21.5,"[0, 0]"
Neuschwanstein,16950,Valid,EL6,0.0,2002-01-01,47.525,10.80833,"[0, 0]"
New Concord,16953,Valid,L6,0.0,1860-01-01,40.0,-81.76667,"[0, 0]"
New Halfa,16954,Valid,L4,0.0,1994-01-01,15.36667,35.68333,"[0, 0]"
New Orleans,16960,Valid,H5,0.0,2003-01-01,29.94718,-90.10976,"[0, 0]"
Ngawi,16966,Valid,LL3.6,0.0,1883-01-01,-7.45,111.41667,"[0, 0]"
N'Goureyma,16968,Valid,"Iron, ungrouped",0.0,1900-01-01,13.85,-4.38333,"[0, 0]"
Nicorps,16970,Valid,Stone-uncl,0.0,1750-01-01,49.03333,-1.43333,"[0, 0]"
Niger (L6),16974,Valid,L6,0.0,1967-01-01,0.0,0.0,"[0, 0]"
Niger (LL6),16975,Valid,LL6,0.0,1967-01-01,0.0,0.0,"[0, 0]"
Nikolaevka,16976,Valid,H4,0.0,1935-01-01,52.45,78.63333,"[0, 0]"
Nikolskoe,16977,Valid,L4,0.0,1954-01-01,56.11667,37.33333,"[0, 0]"
Ningbo,16980,Valid,"Iron, IVA",0.0,1975-01-01,29.86667,121.48333,"[0, 0]"
Ningqiang,16981,Valid,C3-ung,0.0,1983-01-01,32.925,105.90667,"[0, 0]"
Nio,16982,Valid,H3-4,0.0,1897-01-01,34.2,131.56667,"[0, 0]"
N'Kandhla,16983,Valid,"Iron, IID",0.0,1912-01-01,-28.56667,30.7,"[0, 0]"
Nobleborough,16984,Valid,Eucrite-pmict,0.0,1823-01-01,44.08333,-69.48333,"[0, 0]"
Noblesville,16985,Valid,H4-6,0.0,1991-01-01,40.08528,-86.055,"[0, 0]"
Nogata,16988,Valid,L6,0.0,,33.725,130.75,"[0, 0]"
Nogoya,16989,Valid,CM2,0.0,1879-01-01,-32.36667,-59.83333,"[0, 0]"
Norfork,16994,Valid,"Iron, IIIAB",0.0,1918-01-01,36.21667,-92.26667,"[0, 0]"
Norton County,17922,Valid,Aubrite,0.0,1948-01-01,39.68333,-99.86667,"[0, 0]"
Noventa Vicentina,17930,Valid,H4,0.0,1971-01-01,45.29167,11.52722,"[0, 0]"
Novo-Urei,17933,Valid,Ureilite,0.0,1886-01-01,54.81667,46.0,"[0, 0]"
Novy-Ergi,17934,Valid,Stone-uncl,0.0,,58.55,31.33333,"[0, 0]"
Novy-Projekt,17935,Valid,OC,0.0,1908-01-01,56.0,22.0,"[0, 0]"
Noyan-Bogdo,17936,Valid,L6,0.0,1933-01-01,42.91667,102.46667,"[0, 0]"
Nuevo Mercurio,17938,Valid,H5,0.0,1978-01-01,24.3,-102.13333,"[0, 0]"
Nulles,17959,Valid,H6,0.0,1851-01-01,41.63333,0.75,"[0, 0]"
Numakai,17960,Valid,H4,0.0,1925-01-01,43.33333,141.86667,"[0, 0]"
Nyaung,17969,Valid,"Iron, IIIAB",0.0,1939-01-01,21.20833,94.91667,"[0, 0]"
Nyirábrany,17970,Valid,LL5,0.0,1914-01-01,47.55,22.025,"[0, 0]"
Ochansk,17979,Valid,H4,0.0,1887-01-01,57.78333,55.26667,"[0, 0]"
Oesede,17988,Valid,H5,0.0,1927-01-01,52.28333,8.05,"[0, 0]"
Oesel,17989,Valid,L6,0.0,1855-01-01,58.5,23.0,"[0, 0]"
Ofehértó,17990,Valid,L6,0.0,1900-01-01,47.88333,22.03333,"[0, 0]"
Ogi,17994,Valid,H6,0.0,1741-01-01,33.28333,130.2,"[0, 0]"
Ohaba,17995,Valid,H5,0.0,1857-01-01,46.06667,23.58333,"[0, 0]"
Ohuma,17996,Valid,L5,0.0,1963-01-01,6.75,8.5,"[0, 0]"
Ojuelos Altos,17997,Valid,L6,0.0,1926-01-01,38.18333,-5.4,"[0, 0]"
Okabe,17998,Valid,H5,0.0,1958-01-01,36.18333,139.21667,"[0, 0]"
Okano,18000,Valid,"Iron, IIAB",0.0,1904-01-01,35.08333,135.2,"[0, 0]"
Okniny,18002,Valid,LL6,0.0,1834-01-01,50.83333,25.5,"[0, 0]"
Oldenburg (1930),18009,Valid,L6,0.0,1930-01-01,52.95,8.16667,"[0, 0]"
Oliva-Gandia,18012,Valid,Stone-uncl,0.0,,39.0,-0.03333,"[0, 0]"
Olivenza,18013,Valid,LL5,0.0,1924-01-01,38.71667,-7.06667,"[0, 0]"
Olmedilla de Alarcón,18015,Valid,H5,0.0,1929-01-01,39.56667,-2.1,"[0, 0]"
Omolon,18019,Valid,"Pallasite, PMG",0.0,1981-01-01,64.02,161.80833,"[0, 0]"
Orgueil,18026,Valid,CI1,0.0,1864-01-01,43.88333,1.38333,"[0, 0]"
Orlando,34489,Valid,Eucrite,0.0,2004-01-01,28.5475,-81.36222,"[0, 0]"
Ornans,18030,Valid,CO3.4,0.0,1868-01-01,47.11667,6.15,"[0, 0]"
Ortenau,18033,Valid,Stone-uncl,0.0,,48.5,8.0,"[0, 0]"
Orvinio,18034,Valid,H6,0.0,1872-01-01,42.13333,12.93333,"[0, 0]"
Oterøy,18042,Valid,L6,0.0,1928-01-01,58.88333,9.4,"[0, 0]"
Otomi,18045,Valid,H,0.0,1867-01-01,38.4,140.35,"[0, 0]"
Ottawa,18046,Valid,LL6,0.0,1896-01-01,38.6,-95.21667,"[0, 0]"
Ouadangou,56729,Valid,L5,0.0,2003-01-01,12.9,0.08,"[0, 0]"
Oued el Hadjar,18050,Valid,LL6,0.0,1986-01-01,30.18,-6.57717,"[0, 0]"
Oum Dreyga,31282,Valid,H3-5,0.0,2003-01-01,24.3,-13.1,"[0, 0]"
Ourique,18052,Valid,H4,0.0,1998-01-01,37.60833,-8.28,"[0, 0]"
Ovambo,18055,Valid,L6,0.0,1900-01-01,-18.0,16.0,"[0, 0]"
Oviedo,18058,Valid,H5,0.0,1856-01-01,43.4,-5.86667,"[0, 0]"
Owrucz,18062,Valid,OC,0.0,1775-01-01,51.33333,28.83333,"[0, 0]"
Pacula,18068,Valid,L6,0.0,1881-01-01,21.05,-99.3,"[0, 0]"
Padvarninkai,18069,Valid,Eucrite-mmict,0.0,1929-01-01,55.66667,25.0,"[0, 0]"
Paitan,18072,Valid,H6,0.0,1910-01-01,17.74333,120.45583,"[0, 0]"
Palahatchie,18073,Valid,OC,0.0,1910-01-01,32.31667,-89.71667,"[0, 0]"
Palca de Aparzo,18074,Valid,L5,0.0,1988-01-01,-23.11667,-65.1,"[0, 0]"
Palinshih,18077,Valid,Iron,0.0,1914-01-01,43.48333,118.61667,"[0, 0]"
Palmyra,18079,Valid,L3,0.0,1926-01-01,39.8,-91.5,"[0, 0]"
Palolo Valley,18082,Valid,H5,0.0,1949-01-01,21.3,-157.78333,"[0, 0]"
Dominion Range 03239,32591,Valid,L6,0.0,2002-01-01,0.0,0.0,"[0, 0]"
Pampanga,18093,Valid,L5,0.0,1859-01-01,15.08333,120.7,"[0, 0]"
Pantar,18098,Valid,H5,0.0,1938-01-01,8.06667,124.28333,"[0, 0]"
Paragould,18101,Valid,LL5,0.0,1930-01-01,36.06667,-90.5,"[0, 0]"
Parambu,18102,Valid,LL5,0.0,1967-01-01,-6.23333,-40.7,"[0, 0]"
Paranaiba,18103,Valid,L6,0.0,1956-01-01,-19.13333,-51.66667,"[0, 0]"
Park Forest,18106,Valid,L5,0.0,2003-01-01,41.48472,-87.67917,"[0, 0]"
Parnallee,18108,Valid,LL3.6,0.0,1857-01-01,9.23333,78.35,"[0, 0]"
Parsa,18109,Valid,EH3,0.0,1942-01-01,26.2,85.4,"[0, 0]"
Pasamonte,18110,Valid,Eucrite-pmict,0.0,1933-01-01,36.21667,-103.4,"[0, 0]"
Patora,18112,Valid,H6,0.0,1969-01-01,20.93694,82.05,"[0, 0]"
Patrimonio,18116,Valid,L6,0.0,1950-01-01,-19.53333,-48.56667,"[0, 0]"
Patti,18118,Valid,Iron,0.0,1922-01-01,38.13333,14.96667,"[0, 0]"
Patwar,18171,Valid,Mesosiderite-A1,0.0,1935-01-01,23.15,91.18333,"[0, 0]"
Pavel,18173,Valid,H5,0.0,1966-01-01,43.46667,25.51667,"[0, 0]"
Pavlodar (stone),18175,Valid,H5,0.0,1938-01-01,52.3,77.03333,"[0, 0]"
Pavlograd,18176,Valid,L6,0.0,1826-01-01,48.53333,35.98333,"[0, 0]"
Pavlovka,18177,Valid,Howardite,0.0,1882-01-01,52.03333,43.0,"[0, 0]"
Pê,18179,Valid,L6,0.0,1989-01-01,11.33367,-3.54217,"[0, 0]"
Peace River,18180,Valid,L6,0.0,1963-01-01,56.13333,-117.93333,"[0, 0]"
Peckelsheim,18181,Valid,Diogenite-pm,0.0,1953-01-01,51.66667,9.25,"[0, 0]"
Peekskill,18782,Valid,H6,0.0,1992-01-01,41.28333,-73.91667,"[0, 0]"
Peña Blanca Spring,18786,Valid,Aubrite,0.0,1946-01-01,30.125,-103.11667,"[0, 0]"
Peramiho,18792,Valid,Eucrite-mmict,0.0,1899-01-01,-10.66667,35.5,"[0, 0]"
Perpeti,18793,Valid,L6,0.0,1935-01-01,23.325,91.0,"[0, 0]"
Perth,18797,Valid,LL5,0.0,1830-01-01,56.4,-3.43333,"[0, 0]"
Pervomaisky,18798,Valid,L6,0.0,1933-01-01,56.63333,39.43333,"[0, 0]"
Pesyanoe,18799,Valid,Aubrite,0.0,1933-01-01,55.5,66.08333,"[0, 0]"
Pétèlkolé,18800,Valid,H5,0.0,1995-01-01,14.052,0.42,"[0, 0]"
Petersburg,18801,Valid,Eucrite-pmict,0.0,1855-01-01,35.3,-86.63333,"[0, 0]"
Pettiswood,18804,Valid,Stone-uncl,0.0,1779-01-01,53.53333,-7.33333,"[0, 0]"
Phillips County (stone),18808,Valid,L6,0.0,1901-01-01,40.0,-99.25,"[0, 0]"
Phu Hong,18809,Valid,H4,0.0,1887-01-01,11.25,108.58333,"[0, 0]"
Phum Sambo,18811,Valid,H4,0.0,1933-01-01,12.0,105.48333,"[0, 0]"
Phuoc-Binh,18812,Valid,L5,0.0,1941-01-01,15.71667,108.1,"[0, 0]"
Piancaldoli,18813,Valid,LL3.4,0.0,1968-01-01,44.24417,11.50222,"[0, 0]"
Picote,18816,Valid,Stone-uncl,0.0,1843-01-01,41.36667,-6.23333,"[0, 0]"
Pillistfer,18822,Valid,EL6,0.0,1863-01-01,58.66667,25.73333,"[0, 0]"
Piplia Kalan,18831,Valid,Eucrite-mmict,0.0,1996-01-01,26.03472,73.94167,"[0, 0]"
Piquetberg,18832,Valid,H,0.0,1881-01-01,-32.86667,18.71667,"[0, 0]"
Pirgunje,18834,Valid,L6,0.0,1882-01-01,25.8,88.45,"[0, 0]"
Pirthalla,18835,Valid,H6,0.0,1884-01-01,29.58333,76.0,"[0, 0]"
Pitts,18837,Valid,"Iron, IAB-ung",0.0,1921-01-01,31.95,-83.51667,"[0, 0]"
Plantersville,18846,Valid,H6,0.0,1930-01-01,30.7,-96.11667,"[0, 0]"
Pleşcoi,51706,Valid,L5-6,0.0,2008-01-01,45.275,26.70972,"[0, 0]"
Ploschkovitz,18849,Valid,L5,0.0,1723-01-01,50.53333,14.11667,"[0, 0]"
Pnompehn,18851,Valid,L6,0.0,1868-01-01,11.58333,104.91667,"[0, 0]"
Dominion Range 03240,32592,Valid,LL5,0.0,2002-01-01,0.0,0.0,"[0, 0]"
Pohlitz,18853,Valid,L5,0.0,1819-01-01,50.93333,12.13333,"[0, 0]"
Pokhra,18858,Valid,H5,0.0,1866-01-01,26.71667,82.66667,"[0, 0]"
Pollen,18860,Valid,CM2,0.0,1942-01-01,66.34833,14.015,"[0, 0]"
Pontlyfni,18865,Valid,Winonaite,0.0,1931-01-01,53.03639,-4.31944,"[0, 0]"
Portales Valley,18874,Valid,H6,0.0,1998-01-01,34.175,-103.295,"[0, 0]"
Portugal,18876,Valid,Stone-uncl,0.0,1796-01-01,38.5,-8.0,"[0, 0]"
Po-wang Chen,18879,Valid,LL,0.0,1933-01-01,31.41667,118.5,"[0, 0]"
Prambachkirchen,18883,Valid,L6,0.0,1932-01-01,48.3025,13.94083,"[0, 0]"
Pribram,18887,Valid,H5,0.0,1959-01-01,49.66667,14.03333,"[0, 0]"
Pricetown,18888,Valid,L6,0.0,1893-01-01,39.11667,-83.85,"[0, 0]"
Puerto Lápice,45984,Valid,Eucrite-br,0.0,2007-01-01,39.35,-3.51667,"[0, 0]"
Pulsora,18899,Valid,H5,0.0,1863-01-01,23.36667,75.18333,"[0, 0]"
Pultusk,18901,Valid,H5,0.0,1868-01-01,52.76667,21.26667,"[0, 0]"
Punganaru,18902,Valid,Stone-uncl,0.0,1811-01-01,13.33333,78.95,"[0, 0]"
Putinga,18905,Valid,L6,0.0,1937-01-01,-29.03333,-53.05,"[0, 0]"
Qidong,18907,Valid,L/LL5,0.0,1982-01-01,32.08333,121.5,"[0, 0]"
Qingzhen,18908,Valid,EH3,0.0,1976-01-01,26.53333,106.46667,"[0, 0]"
Queen's Mercy,22357,Valid,H6,0.0,1925-01-01,-30.11667,28.7,"[0, 0]"
Quenggouk,22358,Valid,H4,0.0,1857-01-01,17.76667,95.18333,"[0, 0]"
Quesa,22360,Valid,"Iron, IAB-ung",0.0,1898-01-01,39.0,-0.66667,"[0, 0]"
Quija,22361,Valid,H,0.0,1990-01-01,44.61667,126.13333,"[0, 0]"
Quincay,22363,Valid,L6,0.0,1851-01-01,46.6,0.25,"[0, 0]"
Raco,22368,Valid,H5,0.0,1957-01-01,-26.66667,-65.45,"[0, 0]"
Raghunathpura,22371,Valid,"Iron, IIAB",0.0,1986-01-01,27.72528,76.465,"[0, 0]"
Rahimyar Khan,31302,Valid,L5,0.0,1983-01-01,28.225,70.2,"[0, 0]"
Rakovka,22376,Valid,L6,0.0,1878-01-01,52.98333,37.03333,"[0, 0]"
Ramnagar,22384,Valid,L6,0.0,1940-01-01,26.45,82.9,"[0, 0]"
Rampurhat,22385,Valid,LL,0.0,1916-01-01,24.16667,87.76667,"[0, 0]"
Ramsdorf,22386,Valid,L6,0.0,1958-01-01,51.88333,6.93333,"[0, 0]"
Ranchapur,22387,Valid,H4,0.0,1917-01-01,23.98333,87.08333,"[0, 0]"
Rancho de la Presa,22390,Valid,H5,0.0,1899-01-01,19.86667,-100.81667,"[0, 0]"
Rangala,22392,Valid,L6,0.0,1937-01-01,25.38333,72.01667,"[0, 0]"
Raoyang,22394,Valid,L6,0.0,1919-01-01,38.2,115.7,"[0, 0]"
Ras Tanura,22395,Valid,H6,0.0,1961-01-01,26.66667,50.15,"[0, 0]"
Rasgrad,22396,Valid,Stone-uncl,0.0,1740-01-01,43.5,26.53333,"[0, 0]"
Ratyn,22398,Valid,Stone-uncl,0.0,1880-01-01,52.2,17.98333,"[0, 0]"
Red Canyon Lake,53502,Valid,H5,0.0,2007-01-01,38.13742,-119.75812,"[0, 0]"
Reliegos,22584,Valid,L5,0.0,1947-01-01,42.475,-5.33333,"[0, 0]"
Rembang,22585,Valid,"Iron, IVA",0.0,1919-01-01,-6.73333,111.36667,"[0, 0]"
Renazzo,22586,Valid,CR2,0.0,1824-01-01,44.76667,11.28333,"[0, 0]"
Renca,22587,Valid,L5,0.0,1925-01-01,-32.75,-65.28333,"[0, 0]"
Renqiu,22589,Valid,L6,0.0,1916-01-01,38.66667,116.13333,"[0, 0]"
Repeev Khutor,22590,Valid,"Iron, IIF",0.0,1933-01-01,48.6,45.66667,"[0, 0]"
Revelstoke,22592,Valid,CI1,0.0,1965-01-01,51.33333,-118.95,"[0, 0]"
Rewari,22593,Valid,L6,0.0,1929-01-01,28.2,76.66667,"[0, 0]"
Rich Mountain,22597,Valid,L6,0.0,1903-01-01,35.03333,-83.03333,"[0, 0]"
Uzcudun,24140,Valid,L,0.0,1948-01-01,-44.11667,-66.15,"[0, 0]"
Richardton,22599,Valid,H5,0.0,1918-01-01,46.88333,-102.31667,"[0, 0]"
Richland Springs,22602,Valid,OC,0.0,1980-01-01,31.25,-99.03333,"[0, 0]"
Richmond,22603,Valid,LL5,0.0,1828-01-01,37.46667,-77.5,"[0, 0]"
Rio Negro,22611,Valid,L4,0.0,1934-01-01,-26.1,-49.8,"[0, 0]"
Rivolta de Bassi,22614,Valid,Stone-uncl,0.0,,45.48333,9.51667,"[0, 0]"
Rochester,22637,Valid,H6,0.0,1876-01-01,41.08333,-86.28333,"[0, 0]"
Rockhampton,22640,Valid,Stone-uncl,0.0,1895-01-01,-23.38333,150.51667,"[0, 0]"
Roda,22641,Valid,Diogenite,0.0,1871-01-01,42.3,0.55,"[0, 0]"
Rodach,22642,Valid,Stone-uncl,0.0,1775-01-01,50.35,10.8,"[0, 0]"
Rose City,22766,Valid,H5,0.0,1921-01-01,44.51667,-83.95,"[0, 0]"
Rowton,22773,Valid,"Iron, IIIAB",0.0,1876-01-01,52.76667,-2.51667,"[0, 0]"
Ruhobobo,22780,Valid,L6,0.0,1976-01-01,-1.45,29.83333,"[0, 0]"
Rumuruti,22782,Valid,R3.8-6,0.0,1934-01-01,0.26667,36.53333,"[0, 0]"
Rupota,22783,Valid,L4-6,0.0,1949-01-01,-10.26667,38.76667,"[0, 0]"
Ryechki,22791,Valid,L5,0.0,1914-01-01,51.13333,34.5,"[0, 0]"
Sabetmahet,22792,Valid,H5,0.0,1855-01-01,27.43333,82.08333,"[0, 0]"
Sabrum,22793,Valid,LL6,0.0,1999-01-01,23.08333,91.66667,"[0, 0]"
Sagan,22796,Valid,Stone-uncl,0.0,,51.53333,14.88333,"[0, 0]"
Saint-Sauveur,23101,Valid,EH5,0.0,1914-01-01,43.73333,1.38333,"[0, 0]"
Saint-Séverin,23102,Valid,LL6,0.0,1966-01-01,45.3,0.23333,"[0, 0]"
Sakauchi,23103,Valid,Iron,0.0,1913-01-01,35.66667,136.3,"[0, 0]"
Salem,23107,Valid,L6,0.0,1981-01-01,44.97917,-122.96944,"[0, 0]"
Salles,23111,Valid,L5,0.0,1798-01-01,46.05,4.63333,"[0, 0]"
Salzwedel,23114,Valid,LL5,0.0,1985-01-01,52.75,11.05,"[0, 0]"
Samelia,23115,Valid,"Iron, IIIAB",0.0,1921-01-01,25.66667,74.86667,"[0, 0]"
San Juan Capistrano,23128,Valid,H6,0.0,1973-01-01,33.48472,-117.6625,"[0, 0]"
San Michele,31315,Valid,L6,0.0,2002-01-01,43.66667,13.0,"[0, 0]"
San Pedro de Quiles,23130,Valid,L6,0.0,1956-01-01,-31.01667,-71.4,"[0, 0]"
San Pedro Jacuaro,34063,Valid,LL6,0.0,1968-01-01,19.76667,-100.65,"[0, 0]"
Santa Barbara,23161,Valid,L4,0.0,1873-01-01,-29.2,-51.86667,"[0, 0]"
Santa Cruz,23164,Valid,CM2,0.0,1939-01-01,24.16667,-99.33333,"[0, 0]"
Santa Isabel,23165,Valid,L6,0.0,1924-01-01,-33.9,-61.7,"[0, 0]"
Santa Lucia (2008),50909,Valid,L6,0.0,2008-01-01,-31.535556,-68.489444,"[0, 0]"
São Jose do Rio Preto,23171,Valid,H4,0.0,1962-01-01,-20.81,-49.38056,"[0, 0]"
Saratov,23176,Valid,L4,0.0,1918-01-01,52.55,46.55,"[0, 0]"
Sasagase,23187,Valid,H,0.0,1688-01-01,34.71667,137.78333,"[0, 0]"
Sauguis,23188,Valid,L6,0.0,1868-01-01,43.15,-0.85,"[0, 0]"
Savtschenskoje,23190,Valid,LL4,0.0,1894-01-01,47.21667,29.86667,"[0, 0]"
Sayama,23192,Valid,CM2,0.0,1986-01-01,35.86667,139.4,"[0, 0]"
Sazovice,23455,Valid,L5,0.0,1934-01-01,49.23333,17.56667,"[0, 0]"
Schellin,23457,Valid,L,0.0,1715-01-01,53.35,15.05,"[0, 0]"
Schenectady,23458,Valid,H5,0.0,1968-01-01,42.86083,-73.95028,"[0, 0]"
Schönenberg,23460,Valid,L6,0.0,1846-01-01,48.11667,10.46667,"[0, 0]"
Searsmont,23472,Valid,H5,0.0,1871-01-01,44.36667,-69.2,"[0, 0]"
Sediköy,23473,Valid,L6,0.0,1917-01-01,38.3,27.13333,"[0, 0]"
Segowlie,23476,Valid,LL6,0.0,1853-01-01,26.75,84.78333,"[0, 0]"
Selakopi,23481,Valid,H5,0.0,1939-01-01,-7.23333,107.33333,"[0, 0]"
Seldebourak,23483,Valid,H5,0.0,1947-01-01,22.83333,4.98333,"[0, 0]"
Semarkona,23487,Valid,LL3.00,0.0,1940-01-01,22.25,79.0,"[0, 0]"
Sena,23495,Valid,H4,0.0,1773-01-01,41.71667,-0.05,"[0, 0]"
Senboku,23496,Valid,H6,0.0,1993-01-01,39.43833,140.51167,"[0, 0]"
Seoni,23500,Valid,H6,0.0,1966-01-01,21.68389,79.50083,"[0, 0]"
Seres,23501,Valid,H4,0.0,1818-01-01,41.05,23.56667,"[0, 0]"
Serra de Magé,23502,Valid,Eucrite-cm,0.0,1923-01-01,-8.38333,-36.76667,"[0, 0]"
Sete Lagoas,23504,Valid,H4,0.0,1908-01-01,-19.46667,-44.21667,"[0, 0]"
Sevilla,23508,Valid,LL4,0.0,1862-01-01,37.41667,-6.0,"[0, 0]"
Sevrukovo,23509,Valid,L5,0.0,1874-01-01,50.61667,36.6,"[0, 0]"
Sfax,23512,Valid,L6,0.0,1989-01-01,34.75,10.71667,"[0, 0]"
Shalka,23521,Valid,Diogenite,0.0,1850-01-01,23.1,87.3,"[0, 0]"
Sharps,23525,Valid,H3.4,0.0,1921-01-01,37.83333,-76.7,"[0, 0]"
Shelburne,23529,Valid,L5,0.0,1904-01-01,44.05,-80.16667,"[0, 0]"
Shergotty,23530,Valid,Martian (shergottite),0.0,1865-01-01,24.55,84.83333,"[0, 0]"
Sheyang,23531,Valid,L6,0.0,1976-01-01,33.65,120.06667,"[0, 0]"
Shikarpur,23534,Valid,L6,0.0,1921-01-01,25.85,87.5775,"[0, 0]"
Shuangyang,23582,Valid,H5,0.0,1971-01-01,43.5,125.66667,"[0, 0]"
Shupiyan,23583,Valid,H6,0.0,1912-01-01,33.71667,74.83333,"[0, 0]"
Shytal,23584,Valid,L6,0.0,1863-01-01,24.33333,90.16667,"[0, 0]"
Siena,23586,Valid,LL5,0.0,1794-01-01,43.11667,11.6,"[0, 0]"
Sikhote-Alin,23593,Valid,"Iron, IIAB",0.0,1947-01-01,46.16,134.65333,"[0, 0]"
Silao,23594,Valid,H5,0.0,1995-01-01,20.93333,-101.38333,"[0, 0]"
Silistra,55584,Valid,Achondrite-ung,0.0,1917-01-01,44.11667,27.26667,"[0, 0]"
Simmern,23603,Valid,H5,0.0,1920-01-01,49.98333,7.53333,"[0, 0]"
Sinai,23606,Valid,L6,0.0,1916-01-01,30.9,32.48333,"[0, 0]"
Sindhri,23611,Valid,H5,0.0,1901-01-01,26.21667,69.55,"[0, 0]"
Sinnai,23613,Valid,H6,0.0,1956-01-01,39.3,9.2,"[0, 0]"
Sioux County,23614,Valid,Eucrite-mmict,0.0,1933-01-01,42.58333,-103.66667,"[0, 0]"
Sitathali,23616,Valid,H5,0.0,1875-01-01,20.91667,82.58333,"[0, 0]"
Sivas,23617,Valid,H6,0.0,1989-01-01,39.82467,36.13583,"[0, 0]"
Sixiangkou,23619,Valid,L5,0.0,1989-01-01,32.43333,119.86667,"[0, 0]"
Ski,23621,Valid,L6,0.0,1848-01-01,59.73333,10.86667,"[0, 0]"
Slavetic,23626,Valid,H5,0.0,1868-01-01,45.68333,15.6,"[0, 0]"
Slobodka,23645,Valid,L4,0.0,1818-01-01,55.0,35.0,"[0, 0]"
Soheria,23660,Valid,OC,0.0,1960-01-01,27.13333,84.06667,"[0, 0]"
Soko-Banja,23661,Valid,LL4,0.0,1877-01-01,43.66667,21.86667,"[0, 0]"
Sologne,23663,Valid,H5,0.0,1860-01-01,47.36667,1.73333,"[0, 0]"
Sołtmany,53829,Valid,L6,0.0,2011-01-01,54.00883,22.005,"[0, 0]"
Sone,23667,Valid,H5,0.0,1866-01-01,35.16667,135.33333,"[0, 0]"
Songyuan,23668,Valid,L6,0.0,1993-01-01,45.25,125.0,"[0, 0]"
Sopot,23670,Valid,OC,0.0,1927-01-01,44.41667,23.5,"[0, 0]"
Soroti,23671,Valid,"Iron, ungrouped",0.0,1945-01-01,1.7,33.63333,"[0, 0]"
St. Caprais-de-Quinsac,23081,Valid,L6,0.0,1883-01-01,44.75,0.05,"[0, 0]"
St. Christophe-la-Chartreuse,23082,Valid,L6,0.0,1841-01-01,46.95,-1.5,"[0, 0]"
St. Denis Westrem,23083,Valid,L6,0.0,1855-01-01,51.05,3.75,"[0, 0]"
St. Germain-du-Pinel,23087,Valid,H6,0.0,1890-01-01,48.01667,-1.15,"[0, 0]"
St. Louis,23089,Valid,H4,0.0,1950-01-01,38.7,-90.23333,"[0, 0]"
St. Mark's,23090,Valid,EH5,0.0,1903-01-01,-32.01667,27.41667,"[0, 0]"
St. Mary's County,23091,Valid,LL3.3,0.0,1919-01-01,38.16667,-76.38333,"[0, 0]"
St. Mesmin,23092,Valid,LL6,0.0,1866-01-01,48.45,3.93333,"[0, 0]"
St. Michel,23093,Valid,L6,0.0,1910-01-01,61.65,27.2,"[0, 0]"
St.-Chinian,23097,Valid,L6,0.0,1959-01-01,43.43333,2.95,"[0, 0]"
Ställdalen,23712,Valid,H5,0.0,1876-01-01,59.93333,14.95,"[0, 0]"
Stannern,23713,Valid,Eucrite-mmict,0.0,1808-01-01,49.28333,15.56667,"[0, 0]"
Stavropol,23717,Valid,L6,0.0,1857-01-01,45.05,41.98333,"[0, 0]"
Ste. Marguerite,23099,Valid,H4,0.0,1962-01-01,50.76667,3.0,"[0, 0]"
Sterlitamak,23724,Valid,"Iron, IIIAB",0.0,1990-01-01,53.66667,55.98333,"[0, 0]"
Stolzenau,23726,Valid,Stone-uncl,0.0,,52.53333,9.05,"[0, 0]"
Stratford,23728,Valid,L6,0.0,1974-01-01,41.2,-73.13333,"[0, 0]"
Strathmore,23729,Valid,L6,0.0,1917-01-01,56.58333,-3.25,"[0, 0]"
Stretchleigh,23732,Valid,Stone-uncl,0.0,,50.38333,-3.95,"[0, 0]"
St-Robert,23733,Valid,H5,0.0,1994-01-01,45.96861,-72.97806,"[0, 0]"
Success,23736,Valid,L6,0.0,1924-01-01,36.48333,-90.66667,"[0, 0]"
Suchy Dul,23737,Valid,L6,0.0,1969-01-01,50.53806,16.26333,"[0, 0]"
Suizhou,23738,Valid,L6,0.0,1986-01-01,31.61667,113.46667,"[0, 0]"
Sulagiri,48951,Valid,LL6,0.0,2008-01-01,12.66667,78.03333,"[0, 0]"
Sultanpur,23741,Valid,L/LL6,0.0,1916-01-01,25.93333,84.28333,"[0, 0]"
Sungach,23745,Valid,H5,0.0,1935-01-01,44.86667,133.16667,"[0, 0]"
Supuhee,23760,Valid,H6,0.0,1865-01-01,26.71667,84.21667,"[0, 0]"
Sutter's Mill,55529,Valid,C,0.0,2012-01-01,38.80389,-120.90806,"[0, 0]"
Sylacauga,23773,Valid,H4,0.0,1954-01-01,33.18836,-86.2945,"[0, 0]"
Tabor,23776,Valid,H5,0.0,1753-01-01,49.4,14.65,"[0, 0]"
Tadjera,23778,Valid,L5,0.0,1867-01-01,36.18333,5.41667,"[0, 0]"
Tagish Lake,23782,Valid,C2-ung,0.0,2000-01-01,59.70444,-134.20139,"[0, 0]"
Tahara,23784,Valid,H4/5,0.0,1991-01-01,34.72,137.305,"[0, 0]"
Takenouchi,23789,Valid,H5,0.0,1880-01-01,35.38333,134.9,"[0, 0]"
Talampaya,23791,Valid,Eucrite-cm,0.0,1995-01-01,0.0,0.0,"[0, 0]"
Tambakwatu,23795,Valid,L6,0.0,1975-01-01,-7.75,112.76667,"[0, 0]"
Tamdakht,48691,Valid,H5,0.0,2008-01-01,31.16333,-7.015,"[0, 0]"
Tané,23801,Valid,L5,0.0,1918-01-01,35.43333,136.23333,"[0, 0]"
Taonan,23873,Valid,L5,0.0,1965-01-01,45.4,122.9,"[0, 0]"
Tatahouine,23884,Valid,Diogenite,0.0,1931-01-01,32.95,10.41667,"[0, 0]"
Tathlith,23885,Valid,L6,0.0,1967-01-01,19.38333,43.73333,"[0, 0]"
Tauk,23887,Valid,L6,0.0,1929-01-01,35.13333,44.45,"[0, 0]"
Tauti,23888,Valid,L6,0.0,1937-01-01,46.71667,23.5,"[0, 0]"
Tenham,23897,Valid,L6,0.0,1879-01-01,-25.73333,142.95,"[0, 0]"
Tennasilm,23898,Valid,L4,0.0,1872-01-01,58.03333,26.95,"[0, 0]"
Thal,23908,Valid,H6,0.0,1950-01-01,33.4,70.6,"[0, 0]"
Thika,54493,Valid,L6,0.0,2011-01-01,-1.00278,37.15028,"[0, 0]"
Thuathe,23976,Valid,H4/5,0.0,2002-01-01,-29.33333,27.58333,"[0, 0]"
Tianzhang,23984,Valid,H5,0.0,1986-01-01,32.94667,118.99,"[0, 0]"
Tieschitz,23989,Valid,H/L3.6,0.0,1878-01-01,49.6,17.11667,"[0, 0]"
Tilden,23998,Valid,L6,0.0,1927-01-01,38.2,-89.68333,"[0, 0]"
Tillaberi,23999,Valid,L6,0.0,1970-01-01,14.25,1.53333,"[0, 0]"
Timochin,24004,Valid,H5,0.0,1807-01-01,54.5,35.2,"[0, 0]"
Tirupati,24009,Valid,H6,0.0,1934-01-01,13.63333,79.41667,"[0, 0]"
Tissint,54823,Valid,Martian (shergottite),0.0,2011-01-01,29.48195,-7.61123,"[0, 0]"
Tjabe,24011,Valid,H6,0.0,1869-01-01,-7.08333,111.53333,"[0, 0]"
Tjerebon,24012,Valid,L5,0.0,1922-01-01,-6.66667,106.58333,"[0, 0]"
Tomakovka,24019,Valid,LL6,0.0,1905-01-01,47.85,34.76667,"[0, 0]"
